id,category,source,file,ru,gloss
ca05b43ecb05b5d1,vocabulary,ai,audio/ca05b43ecb05b5d1.mp3,я,I
1bed754a52f904d2,vocabulary,ai,audio/1bed754a52f904d2.mp3,ты,"you (sing., informal)"
3d0239ba82f95062,vocabulary,ai,audio/3d0239ba82f95062.mp3,вы,you (formal/plural)
070c7214080a3510,vocabulary,ai,audio/070c7214080a3510.mp3,он,"he, it"
19b00b57a36b370b,vocabulary,ai,audio/19b00b57a36b370b.mp3,она́,"she, it"
7513a71084f95388,vocabulary,ai,audio/7513a71084f95388.mp3,мы,we
49c0b89f9dfd3ee3,vocabulary,ai,audio/49c0b89f9dfd3ee3.mp3,они́,they
7ff398a98002a333,vocabulary,ai,audio/7ff398a98002a333.mp3,да,yes
5dadc93f3aaf66b2,vocabulary,ai,audio/5dadc93f3aaf66b2.mp3,нет,"no, there is not"
8f1191678af5e891,vocabulary,ai,audio/8f1191678af5e891.mp3,не,not
a2b14d11c5420032,vocabulary,ai,audio/a2b14d11c5420032.mp3,здра́вствуйте,hello (formal)
3d28f2648900a8e5,vocabulary,ai,audio/3d28f2648900a8e5.mp3,приве́т,hi (informal)
197b8ed23e536dcc,vocabulary,ai,audio/197b8ed23e536dcc.mp3,спаси́бо,thank you
f656dfaff698308e,vocabulary,ai,audio/f656dfaff698308e.mp3,пожа́луйста,please; you're welcome
2539b6df4e51a1b8,vocabulary,ai,audio/2539b6df4e51a1b8.mp3,извини́те,"excuse me, sorry (formal)"
3d0669473c0667b4,vocabulary,ai,audio/3d0669473c0667b4.mp3,и,and
881186628b13c9b2,vocabulary,ai,audio/881186628b13c9b2.mp3,но,but
4a2c6b9648302b1b,vocabulary,ai,audio/4a2c6b9648302b1b.mp3,что,what; that
77ab11f9132fd7ac,vocabulary,ai,audio/77ab11f9132fd7ac.mp3,кто,who
9d9d5dd5ecc9175c,vocabulary,ai,audio/9d9d5dd5ecc9175c.mp3,где,where
9970de61b45d4487,vocabulary,ai,audio/9970de61b45d4487.mp3,когда́,when
8d41e587943d48a0,vocabulary,ai,audio/8d41e587943d48a0.mp3,э́тот,this
47b79f3eed0028b4,vocabulary,ai,audio/47b79f3eed0028b4.mp3,челове́к,"person, human"
a8a826b485c4babb,vocabulary,ai,audio/a8a826b485c4babb.mp3,вода́,water
85985341cc0b5bac,vocabulary,ai,audio/85985341cc0b5bac.mp3,дом,"house, home"
7235311b4c683ba7,vocabulary,ai,audio/7235311b4c683ba7.mp3,быть,to be
ca6726bdcf107ea2,vocabulary,ai,audio/ca6726bdcf107ea2.mp3,знать,to know
85df2e6dacc70cc7,vocabulary,ai,audio/85df2e6dacc70cc7.mp3,де́лать / сде́лать,"to do, to make"
d542745f43838c13,vocabulary,ai,audio/d542745f43838c13.mp3,говори́ть / сказа́ть,to speak / to say
34453479ae35a083,vocabulary,ai,audio/34453479ae35a083.mp3,ви́деть / уви́деть,to see
5ee3ddc431157109,vocabulary,ai,audio/5ee3ddc431157109.mp3,знать / узна́ть,to know / to find out
e968ae81d0c2aff4,vocabulary,ai,audio/e968ae81d0c2aff4.mp3,ду́мать / поду́мать,to think
1b05428b57764b06,vocabulary,ai,audio/1b05428b57764b06.mp3,хоте́ть / захоте́ть,to want
ab1d815b72e3c0f7,vocabulary,ai,audio/ab1d815b72e3c0f7.mp3,мочь / смочь,"to be able to, can"
dbb9a3f0cd061438,vocabulary,ai,audio/dbb9a3f0cd061438.mp3,идти́ / пойти́,to go (on foot)
dbffe255646bc9e3,vocabulary,ai,audio/dbffe255646bc9e3.mp3,дава́ть / дать,to give
f10608c19256113e,vocabulary,ai,audio/f10608c19256113e.mp3,брать / взять,to take
755dd06e7d0a8f2d,vocabulary,ai,audio/755dd06e7d0a8f2d.mp3,де́латься / стать,to become
d23bc7e1993a4bc0,vocabulary,ai,audio/d23bc7e1993a4bc0.mp3,рабо́тать / порабо́тать,to work
7f2d42f948ee23e8,vocabulary,ai,audio/7f2d42f948ee23e8.mp3,писа́ть / написа́ть,to write
9d3c720bed9cb59f,vocabulary,ai,audio/9d3c720bed9cb59f.mp3,чита́ть / прочита́ть,to read
a48fa9f5e3ca4e84,vocabulary,ai,audio/a48fa9f5e3ca4e84.mp3,понима́ть / поня́ть,to understand
3ad340593188ba6c,vocabulary,ai,audio/3ad340593188ba6c.mp3,спра́шивать / спроси́ть,to ask (a question)
c87499ad791851ba,vocabulary,ai,audio/c87499ad791851ba.mp3,отвеча́ть / отве́тить,to answer
e63f23de51989ffd,vocabulary,ai,audio/e63f23de51989ffd.mp3,получа́ть / получи́ть,"to receive, to get"
f168f282bb5ebb2a,vocabulary,ai,audio/f168f282bb5ebb2a.mp3,находи́ть / найти́,to find
e235e545f6e2f234,vocabulary,ai,audio/e235e545f6e2f234.mp3,начина́ть / нача́ть,"to begin, to start"
8d7d7dd0c6a2c1bd,vocabulary,ai,audio/8d7d7dd0c6a2c1bd.mp3,конча́ть / ко́нчить,to finish
6671e0845ae98c30,vocabulary,ai,audio/6671e0845ae98c30.mp3,понима́ться / разобра́ться,"to figure out, sort out"
6cf65013533829f2,vocabulary,ai,audio/6cf65013533829f2.mp3,пока́зывать / показа́ть,to show
e4771f97f5cf0ed1,vocabulary,ai,audio/e4771f97f5cf0ed1.mp3,семья́,family
c5b5ebff42075a23,vocabulary,ai,audio/c5b5ebff42075a23.mp3,мать,mother
7a14b75bc04bf4f4,vocabulary,ai,audio/7a14b75bc04bf4f4.mp3,оте́ц,father
b588efa88252324d,vocabulary,ai,audio/b588efa88252324d.mp3,сын,son
99323b44abeaf4fa,vocabulary,ai,audio/99323b44abeaf4fa.mp3,дочь,daughter
bf7730ea0477f1c0,vocabulary,ai,audio/bf7730ea0477f1c0.mp3,брат,brother
844dc18f0929ad62,vocabulary,ai,audio/844dc18f0929ad62.mp3,сестра́,sister
4e03c2c0a17947d7,vocabulary,ai,audio/4e03c2c0a17947d7.mp3,жена́,wife
840a0dba141caecf,vocabulary,ai,audio/840a0dba141caecf.mp3,муж,husband
0e6baeff5f2c711a,vocabulary,ai,audio/0e6baeff5f2c711a.mp3,ребёнок,child
99782b27607138eb,vocabulary,ai,audio/99782b27607138eb.mp3,друг,friend
de6bdb854f1d93b3,vocabulary,ai,audio/de6bdb854f1d93b3.mp3,сосе́д,neighbour
562b475efd2585a0,vocabulary,ai,audio/562b475efd2585a0.mp3,врач,"doctor, physician"
c1a8e67a272bb0c0,vocabulary,ai,audio/c1a8e67a272bb0c0.mp3,учи́тель,teacher
b1412b80a6535dd6,vocabulary,ai,audio/b1412b80a6535dd6.mp3,инжене́р,engineer
c1c42223484f5ac1,vocabulary,ai,audio/c1c42223484f5ac1.mp3,юри́ст,"lawyer, jurist"
dd7e47a9f9f422af,vocabulary,ai,audio/dd7e47a9f9f422af.mp3,учёный,"scientist, scholar"
418ca8f63036ddbd,vocabulary,ai,audio/418ca8f63036ddbd.mp3,о́бщество,society
835cb8e79a8b8461,vocabulary,ai,audio/835cb8e79a8b8461.mp3,наро́д,"people, nation"
1b63343351bf48d5,vocabulary,ai,audio/1b63343351bf48d5.mp3,власть,"power, authority"
1a9f8a863958cec2,vocabulary,ai,audio/1a9f8a863958cec2.mp3,прави́тельство,government
bec68148d36f6c0b,vocabulary,ai,audio/bec68148d36f6c0b.mp3,гражданин,citizen
b8a52e360d00e85c,vocabulary,ai,audio/b8a52e360d00e85c.mp3,колле́га,colleague
e653c2d00c63061f,vocabulary,ai,audio/e653c2d00c63061f.mp3,о́пыт,experience
e0568771aeab8a0d,vocabulary,ai,audio/e0568771aeab8a0d.mp3,университе́т,university
a7a2fd9b7e1ccd73,vocabulary,ai,audio/a7a2fd9b7e1ccd73.mp3,ка́федра,"department, chair"
c75d269fdcbe823d,vocabulary,ai,audio/c75d269fdcbe823d.mp3,факульте́т,"faculty, school"
50368342cee8c464,vocabulary,ai,audio/50368342cee8c464.mp3,диссерта́ция,"dissertation, thesis"
cce43dbae36ba5e2,vocabulary,ai,audio/cce43dbae36ba5e2.mp3,нау́чный руководи́тель,"academic advisor, supervisor"
ef53ff7c08bbde9d,vocabulary,ai,audio/ef53ff7c08bbde9d.mp3,статья́,"article, paper"
9d4211ecf961c2fb,vocabulary,ai,audio/9d4211ecf961c2fb.mp3,иссле́дование,"research, study"
5beada0aab5aaf3a,vocabulary,ai,audio/5beada0aab5aaf3a.mp3,нау́ка,"science, scholarship"
7ede4701ca4aaf5c,vocabulary,ai,audio/7ede4701ca4aaf5c.mp3,ле́кция,lecture
4f1156d3031854f3,vocabulary,ai,audio/4f1156d3031854f3.mp3,семина́р,seminar
37c066b2af1e4de8,vocabulary,ai,audio/37c066b2af1e4de8.mp3,экза́мен,exam
2548bdc008e4c036,vocabulary,ai,audio/2548bdc008e4c036.mp3,студе́нт,student
1bcca356e70c0f32,vocabulary,ai,audio/1bcca356e70c0f32.mp3,профе́ссор,professor
69afe1fbeca6fa08,vocabulary,ai,audio/69afe1fbeca6fa08.mp3,аспира́нт,"PhD student, postgraduate"
53b9b8cde97503c5,vocabulary,ai,audio/53b9b8cde97503c5.mp3,сте́пень,degree (academic)
e40265e3590d4026,vocabulary,ai,audio/e40265e3590d4026.mp3,журна́л,journal
2903a8318b7f4875,vocabulary,ai,audio/2903a8318b7f4875.mp3,конфере́нция,conference
f2483919d7f0fb1c,vocabulary,ai,audio/f2483919d7f0fb1c.mp3,докла́д,"report, talk, presentation"
714f671374ff1cb1,vocabulary,ai,audio/714f671374ff1cb1.mp3,ме́тод,method
dccc6a26453d5c4f,vocabulary,ai,audio/dccc6a26453d5c4f.mp3,да́нные,data
2ad3a2ca60e130b6,vocabulary,ai,audio/2ad3a2ca60e130b6.mp3,результа́т,result
40095c138117c3b1,vocabulary,ai,audio/40095c138117c3b1.mp3,вы́вод,conclusion
dc17925ca9f859f9,vocabulary,ai,audio/dc17925ca9f859f9.mp3,защи́та,defence (of a thesis)
45348e9da03d815e,vocabulary,ai,audio/45348e9da03d815e.mp3,грант,grant
158ddb3af123b906,vocabulary,ai,audio/158ddb3af123b906.mp3,сле́довательно,"consequently, therefore"
b60c7d9766d7bf8e,vocabulary,ai,audio/b60c7d9766d7bf8e.mp3,таки́м о́бразом,"thus, in this way"
0c8d95d559221c2c,vocabulary,ai,audio/0c8d95d559221c2c.mp3,одна́ко,however
52d137309247e24a,vocabulary,ai,audio/52d137309247e24a.mp3,в ча́стности,in particular
13868112c56ef553,vocabulary,ai,audio/13868112c56ef553.mp3,по сравне́нию с,compared with
08563713a53f62fc,vocabulary,ai,audio/08563713a53f62fc.mp3,наприме́р,for example
77eaf04d815852d1,vocabulary,ai,audio/77eaf04d815852d1.mp3,кро́ме того́,"moreover, besides"
6914e599d50a1622,vocabulary,ai,audio/6914e599d50a1622.mp3,тем не ме́нее,nevertheless
c8fae27dd538bfbf,vocabulary,ai,audio/c8fae27dd538bfbf.mp3,во-пе́рвых,firstly
70510afdc4c72db7,vocabulary,ai,audio/70510afdc4c72db7.mp3,во-вторы́х,secondly
b6563dea0fff8949,vocabulary,ai,audio/b6563dea0fff8949.mp3,напро́тив,on the contrary
3735a86fe4754e28,vocabulary,ai,audio/3735a86fe4754e28.mp3,в результа́те,as a result
7dc48a3d443705ba,vocabulary,ai,audio/7dc48a3d443705ba.mp3,в отли́чие от,"unlike, in contrast to"
c1bc1b472eceb8e3,vocabulary,ai,audio/c1bc1b472eceb8e3.mp3,несмотря́ на,"despite, in spite of"
a545b3931b7b92bb,vocabulary,ai,audio/a545b3931b7b92bb.mp3,поэ́тому,"therefore, that's why"
3cd056eb2fdbeed2,vocabulary,ai,audio/3cd056eb2fdbeed2.mp3,и́менно,"precisely, namely"
e22eaf07f1b9c6e6,vocabulary,ai,audio/e22eaf07f1b9c6e6.mp3,то есть,"that is, i.e."
83f66786280dad52,vocabulary,ai,audio/83f66786280dad52.mp3,с друго́й стороны́,on the other hand
2920cbc81d13b621,vocabulary,ai,audio/2920cbc81d13b621.mp3,в то вре́мя как,"whereas, while"
be591c2f5e81397f,vocabulary,ai,audio/be591c2f5e81397f.mp3,в свою́ о́чередь,in turn
009fa9065e89f0c2,vocabulary,ai,audio/009fa9065e89f0c2.mp3,благодаря́,"thanks to, owing to"
6ccf1d55ce3968eb,vocabulary,ai,audio/6ccf1d55ce3968eb.mp3,"посто́льку, поско́льку","insofar as, since"
8b37109ad0e4584d,vocabulary,ai,audio/8b37109ad0e4584d.mp3,в заключе́ние,in conclusion
35c88c34fc36c37e,vocabulary,ai,audio/35c88c34fc36c37e.mp3,поня́тие,"concept, notion"
ac7d8115e762d7fd,vocabulary,ai,audio/ac7d8115e762d7fd.mp3,причи́на,"cause, reason"
e2e9cd5f721c9cc5,vocabulary,ai,audio/e2e9cd5f721c9cc5.mp3,сле́дствие,"consequence, effect"
48c3d598e3d4de53,vocabulary,ai,audio/48c3d598e3d4de53.mp3,гипо́теза,hypothesis
67dc98a46c8d8d91,vocabulary,ai,audio/67dc98a46c8d8d91.mp3,доказа́тельство,"proof, evidence"
afaf5d127ba7f061,vocabulary,ai,audio/afaf5d127ba7f061.mp3,значе́ние,"meaning, significance, value"
db92a84ac0251933,vocabulary,ai,audio/db92a84ac0251933.mp3,тео́рия,theory
4c981cdbce1c2c71,vocabulary,ai,audio/4c981cdbce1c2c71.mp3,поло́жение,"proposition, position, situation"
4277d4babfc43a4d,vocabulary,ai,audio/4277d4babfc43a4d.mp3,противоре́чие,contradiction
f07b4134430170fa,vocabulary,ai,audio/f07b4134430170fa.mp3,усло́вие,condition
08f9779156af1a87,vocabulary,ai,audio/08f9779156af1a87.mp3,свя́зь,"connection, relation"
2de21320499ef101,vocabulary,ai,audio/2de21320499ef101.mp3,зависимость,dependence
a0b5af8d64d1e862,vocabulary,ai,audio/a0b5af8d64d1e862.mp3,сво́йство,"property, attribute"
440eb5a3602b7133,vocabulary,ai,audio/440eb5a3602b7133.mp3,приро́да,nature (essence)
6cfdfdadd815f286,vocabulary,ai,audio/6cfdfdadd815f286.mp3,су́щность,essence
b3ffd946ca82a873,vocabulary,ai,audio/b3ffd946ca82a873.mp3,проти́вополо́жность,"opposite, opposition"
4ed3157cedc77ef8,vocabulary,ai,audio/4ed3157cedc77ef8.mp3,зако́н,law (scientific)
70fb03fb74e6363b,vocabulary,ai,audio/70fb03fb74e6363b.mp3,при́нцип,principle
30f3997ac523ed6d,vocabulary,ai,audio/30f3997ac523ed6d.mp3,разли́чие,"difference, distinction"
25fd1cef40e8874b,vocabulary,ai,audio/25fd1cef40e8874b.mp3,соотноше́ние,"ratio, correlation, relation"
1073381a0970e6bb,vocabulary,ai,audio/1073381a0970e6bb.mp3,зна́ние,knowledge
13b3f93648b6fe2f,vocabulary,ai,audio/13b3f93648b6fe2f.mp3,и́стина,truth
642b33c0cbf3f61f,vocabulary,ai,audio/642b33c0cbf3f61f.mp3,це́ль,"goal, aim"
fa5115c288a5fc13,vocabulary,ai,audio/fa5115c288a5fc13.mp3,зада́ча,"task, problem"
6263a434c2f69bf4,vocabulary,ai,audio/6263a434c2f69bf4.mp3,вре́мя,time
106baed9438af378,vocabulary,ai,audio/106baed9438af378.mp3,час,"hour, o'clock"
4dc5cbd32890a1bf,vocabulary,ai,audio/4dc5cbd32890a1bf.mp3,день,day
b31cb5e9480b4f04,vocabulary,ai,audio/b31cb5e9480b4f04.mp3,неде́ля,week
a02275f1f946c2ef,vocabulary,ai,audio/a02275f1f946c2ef.mp3,ме́сяц,month
18b82f00f31c16f1,vocabulary,ai,audio/18b82f00f31c16f1.mp3,год,year
c5b48dc0c819fdde,vocabulary,ai,audio/c5b48dc0c819fdde.mp3,понеде́льник,Monday
2637037f49a89bd7,vocabulary,ai,audio/2637037f49a89bd7.mp3,пя́тница,Friday
91adc20ab50dc73b,vocabulary,ai,audio/91adc20ab50dc73b.mp3,янва́рь,January
62ebf643989ea57c,vocabulary,ai,audio/62ebf643989ea57c.mp3,сентя́брь,September
b9f227d3565e8200,vocabulary,ai,audio/b9f227d3565e8200.mp3,оди́н,one
f96e5cc9988e4b6c,vocabulary,ai,audio/f96e5cc9988e4b6c.mp3,два,two
f2b31665f8860d44,vocabulary,ai,audio/f2b31665f8860d44.mp3,три,three
16577a9dc25e680d,vocabulary,ai,audio/16577a9dc25e680d.mp3,пять,five
d1d551ab121607c6,vocabulary,ai,audio/d1d551ab121607c6.mp3,де́сять,ten
b6a6d25c4e30348d,vocabulary,ai,audio/b6a6d25c4e30348d.mp3,сто,hundred
f39c282ab47e4e73,vocabulary,ai,audio/f39c282ab47e4e73.mp3,ты́сяча,thousand
a0dbbebad768d21b,vocabulary,ai,audio/a0dbbebad768d21b.mp3,пе́рвый,first
1db4def7f4fe93b2,vocabulary,ai,audio/1db4def7f4fe93b2.mp3,всегда́,always
40095640e354f68c,vocabulary,ai,audio/40095640e354f68c.mp3,ча́сто,often
e1d7b3ac4b73aba1,vocabulary,ai,audio/e1d7b3ac4b73aba1.mp3,иногда́,sometimes
4a71fed738a84db5,vocabulary,ai,audio/4a71fed738a84db5.mp3,ре́дко,"rarely, seldom"
97340bfc199d566e,vocabulary,ai,audio/97340bfc199d566e.mp3,никогда́,never
e95d9db3a778e5fb,vocabulary,ai,audio/e95d9db3a778e5fb.mp3,сего́дня,today
50d48919a72948c5,vocabulary,ai,audio/50d48919a72948c5.mp3,большо́й,"big, large"
68084ebafba1244e,vocabulary,ai,audio/68084ebafba1244e.mp3,ма́ленький,"small, little"
1293d316a8673b28,vocabulary,ai,audio/1293d316a8673b28.mp3,хоро́ший,good
a5ea10328fa0408b,vocabulary,ai,audio/a5ea10328fa0408b.mp3,плохо́й,bad
456ee3d543d9084b,vocabulary,ai,audio/456ee3d543d9084b.mp3,но́вый,new
b718080799a542d6,vocabulary,ai,audio/b718080799a542d6.mp3,ста́рый,old
8b9a1ccb3db8841a,vocabulary,ai,audio/8b9a1ccb3db8841a.mp3,ва́жный,important
e6f974bd5331f8fd,vocabulary,ai,audio/e6f974bd5331f8fd.mp3,просто́й,"simple, easy"
f801ec612c6508e9,vocabulary,ai,audio/f801ec612c6508e9.mp3,сло́жный,"complex, difficult"
fd60d60333e47573,vocabulary,ai,audio/fd60d60333e47573.mp3,вы́сокий,"high, tall"
6d3bd0c5bf8bfc60,vocabulary,ai,audio/6d3bd0c5bf8bfc60.mp3,ни́зкий,low
62c489877548f80e,vocabulary,ai,audio/62c489877548f80e.mp3,пра́вильный,"correct, right"
88f01800749e105d,vocabulary,ai,audio/88f01800749e105d.mp3,то́чный,"exact, precise"
00bbf0cbd7a84379,vocabulary,ai,audio/00bbf0cbd7a84379.mp3,я́сный,clear
436fa1cec49b2c5e,vocabulary,ai,audio/436fa1cec49b2c5e.mp3,возмо́жный,possible
cf4e75a4a6e2dbe2,vocabulary,ai,audio/cf4e75a4a6e2dbe2.mp3,необходи́мый,necessary
8eecfe217f3263ff,vocabulary,ai,audio/8eecfe217f3263ff.mp3,о́чень,very
13a6d41e7b364824,vocabulary,ai,audio/13a6d41e7b364824.mp3,сли́шком,too (excessively)
af4690cef75c81c9,vocabulary,ai,audio/af4690cef75c81c9.mp3,дово́льно,"rather, fairly"
9a06d6e25f74d9f2,vocabulary,ai,audio/9a06d6e25f74d9f2.mp3,почти́,"almost, nearly"
c74f958f1e0a0a4e,vocabulary,ai,audio/c74f958f1e0a0a4e.mp3,соверше́нно,"completely, utterly"
129d3dfbaf63ac12,vocabulary,ai,audio/129d3dfbaf63ac12.mp3,доста́точно,"enough, sufficiently"
323b0e0de929c90a,vocabulary,ai,audio/323b0e0de929c90a.mp3,осо́бенно,especially
0b71200b759c0ba6,vocabulary,ai,audio/0b71200b759c0ba6.mp3,матема́тика,mathematics
ad6afaf5218992fc,vocabulary,ai,audio/ad6afaf5218992fc.mp3,фи́зика,physics
3deec7c8f6119b34,vocabulary,ai,audio/3deec7c8f6119b34.mp3,хи́мия,chemistry
65ee0f56d19348a9,vocabulary,ai,audio/65ee0f56d19348a9.mp3,биоло́гия,biology
f4cbf32278f14fc0,vocabulary,ai,audio/f4cbf32278f14fc0.mp3,лингви́стика,linguistics
46adbf88255e8a54,vocabulary,ai,audio/46adbf88255e8a54.mp3,эконо́мика,economics
38769a79ad2d218f,vocabulary,ai,audio/38769a79ad2d218f.mp3,пра́во,law (as a field)
d098ac031d2687d5,vocabulary,ai,audio/d098ac031d2687d5.mp3,филосо́фия,philosophy
6626dcca43631e28,vocabulary,ai,audio/6626dcca43631e28.mp3,исто́рия,history
9e298ab8c69823f9,vocabulary,ai,audio/9e298ab8c69823f9.mp3,психоло́гия,psychology
4503034201a0b017,vocabulary,ai,audio/4503034201a0b017.mp3,социоло́гия,sociology
cb61229764450bb3,vocabulary,ai,audio/cb61229764450bb3.mp3,информа́тика,"computer science, informatics"
d5543536ec976601,vocabulary,ai,audio/d5543536ec976601.mp3,медици́на,medicine
43a56505cfa01176,vocabulary,ai,audio/43a56505cfa01176.mp3,геоло́гия,geology
4825bc09ee67863c,vocabulary,ai,audio/4825bc09ee67863c.mp3,астроно́мия,astronomy
19a50f4273cfa790,vocabulary,ai,audio/19a50f4273cfa790.mp3,о́пыт (экспериме́нт),experiment
6adbc21461976f9d,vocabulary,ai,audio/6adbc21461976f9d.mp3,наблюде́ние,observation
687339e77f7a5a4e,vocabulary,ai,audio/687339e77f7a5a4e.mp3,ана́лиз,analysis
ce542d10e2f712c2,vocabulary,ai,audio/ce542d10e2f712c2.mp3,форму́ла,formula
01b7a3efed2dd931,vocabulary,ai,audio/01b7a3efed2dd931.mp3,уравне́ние,equation
1609c7109c787303,vocabulary,ai,audio/1609c7109c787303.mp3,величина́,"quantity, magnitude"
3283adf84de68245,vocabulary,ai,audio/3283adf84de68245.mp3,моде́ль,model
c7f5fb090567e09d,vocabulary,ai,audio/c7f5fb090567e09d.mp3,систе́ма,system
7485d6261874ca45,vocabulary,ai,audio/7485d6261874ca45.mp3,веще́ство,"substance, matter"
43bbb24bf02d8c7b,vocabulary,ai,audio/43bbb24bf02d8c7b.mp3,пое́здка,"trip, journey"
049d0a831e9f35f1,vocabulary,ai,audio/049d0a831e9f35f1.mp3,биле́т,ticket
1c71ed81d0256b17,vocabulary,ai,audio/1c71ed81d0256b17.mp3,по́езд,train
0188ee44f47c27ed,vocabulary,ai,audio/0188ee44f47c27ed.mp3,самолёт,airplane
95fab9da6d00453b,vocabulary,ai,audio/95fab9da6d00453b.mp3,вокза́л,railway station
07595f8a0ea85629,vocabulary,ai,audio/07595f8a0ea85629.mp3,аэропо́рт,airport
0d857fe977fcb841,vocabulary,ai,audio/0d857fe977fcb841.mp3,авто́бус,bus
5e5e8cb9b955e8c7,vocabulary,ai,audio/5e5e8cb9b955e8c7.mp3,метро́,"metro, subway"
750e2b1548369973,vocabulary,ai,audio/750e2b1548369973.mp3,такси́,taxi
03e5b8cdc5678734,vocabulary,ai,audio/03e5b8cdc5678734.mp3,маши́на,car
d6e2603b51b00cee,vocabulary,ai,audio/d6e2603b51b00cee.mp3,доро́га,"road, way"
05d8d388d749d612,vocabulary,ai,audio/05d8d388d749d612.mp3,путеше́ствие,"travel, voyage"
7b85e70510253c35,vocabulary,ai,audio/7b85e70510253c35.mp3,чемода́н,suitcase
cc932e2b01a7f7cb,vocabulary,ai,audio/cc932e2b01a7f7cb.mp3,па́спорт,passport
3afd73ad2ebbd1ca,vocabulary,ai,audio/3afd73ad2ebbd1ca.mp3,ви́за,visa
1d42d19c2e1a7bda,vocabulary,ai,audio/1d42d19c2e1a7bda.mp3,грани́ца,border
4cf14c37e10a6141,vocabulary,ai,audio/4cf14c37e10a6141.mp3,гости́ница,hotel
1e36626446519c48,vocabulary,ai,audio/1e36626446519c48.mp3,ка́рта,map; card
f8348ecf2848171b,vocabulary,ai,audio/f8348ecf2848171b.mp3,еда́,food
f7d11757973a61d8,vocabulary,ai,audio/f7d11757973a61d8.mp3,рестора́н,restaurant
85bad19f3efdbe44,vocabulary,ai,audio/85bad19f3efdbe44.mp3,кафе́,café
483d5780f9bf7c47,vocabulary,ai,audio/483d5780f9bf7c47.mp3,меню́,menu
993fb8918ff9fa01,vocabulary,ai,audio/993fb8918ff9fa01.mp3,за́втрак,breakfast
e22758cafb6a8501,vocabulary,ai,audio/e22758cafb6a8501.mp3,обе́д,lunch
0a517e36b7aa2fb9,vocabulary,ai,audio/0a517e36b7aa2fb9.mp3,у́жин,"dinner, supper"
bc06fe77247953eb,vocabulary,ai,audio/bc06fe77247953eb.mp3,хлеб,bread
c86b3d813f1cfc60,vocabulary,ai,audio/c86b3d813f1cfc60.mp3,чай,tea
6a1e4b53c5d893b0,vocabulary,ai,audio/6a1e4b53c5d893b0.mp3,ко́фе,coffee
d2b8d884b5835bb3,vocabulary,ai,audio/d2b8d884b5835bb3.mp3,мя́со,meat
5c52047623f7a605,vocabulary,ai,audio/5c52047623f7a605.mp3,ры́ба,fish
40a17001f9993f97,vocabulary,ai,audio/40a17001f9993f97.mp3,о́вощи,vegetables
b6636d1a0481512b,vocabulary,ai,audio/b6636d1a0481512b.mp3,фру́кты,fruit
12eba86669f90244,vocabulary,ai,audio/12eba86669f90244.mp3,счёт,"bill, check"
40f7cd179a45dbbc,vocabulary,ai,audio/40f7cd179a45dbbc.mp3,официа́нт,waiter
9fbe0527408252ff,vocabulary,ai,audio/9fbe0527408252ff.mp3,вку́сный,"tasty, delicious"
7674c5bf14097075,vocabulary,ai,audio/7674c5bf14097075.mp3,преподава́тель,"instructor, lecturer"
b830cb9069fe2121,vocabulary,ai,audio/b830cb9069fe2121.mp3,оце́нка,"grade, mark"
6f54d5532e74f7b2,vocabulary,ai,audio/6f54d5532e74f7b2.mp3,расписа́ние,"schedule, timetable"
cf93941454fff7c8,vocabulary,ai,audio/cf93941454fff7c8.mp3,аудито́рия,"lecture hall, classroom"
5018d96c55e80d3d,vocabulary,ai,audio/5018d96c55e80d3d.mp3,библиоте́ка,library
6655f2480f92cc20,vocabulary,ai,audio/6655f2480f92cc20.mp3,общежи́тие,dormitory
11b73d859d706c87,vocabulary,ai,audio/11b73d859d706c87.mp3,стипе́ндия,"scholarship, stipend"
a71f6948100ab03f,vocabulary,ai,audio/a71f6948100ab03f.mp3,зачёт,pass/fail credit
ace53c841449b05a,vocabulary,ai,audio/ace53c841449b05a.mp3,семе́стр,semester
7951d38dcf118039,vocabulary,ai,audio/7951d38dcf118039.mp3,курс,course; year of study
9c89640eedf090d9,vocabulary,ai,audio/9c89640eedf090d9.mp3,конспе́кт,lecture notes
a18ba04093e4aebe,vocabulary,ai,audio/a18ba04093e4aebe.mp3,переры́в,break
efa0bdf2d4a91500,vocabulary,ai,audio/efa0bdf2d4a91500.mp3,декана́т,dean's office
f23ff05a2f7d2f3b,vocabulary,ai,audio/f23ff05a2f7d2f3b.mp3,дипло́м,"diploma, degree"
15062a4f140628bc,alphabet,ai,audio/15062a4f140628bc.mp3,А,а
f54ae3252a272c61,alphabet,ai,audio/f54ae3252a272c61.mp3,мама,а
140628bc15062a4f,alphabet,ai,audio/140628bc15062a4f.mp3,Б,бэ
17062d7516062be2,alphabet,ai,audio/17062d7516062be2.mp3,В,вэ
a1c73dfda03f0b99,alphabet,ai,audio/a1c73dfda03f0b99.mp3,вода,вэ
16062be217062d75,alphabet,ai,audio/16062be217062d75.mp3,Г,гэ
cea650b6acb95df5,alphabet,ai,audio/cea650b6acb95df5.mp3,город,гэ
1106240310062270,alphabet,ai,audio/1106240310062270.mp3,Д,дэ
1006227011062403,alphabet,ai,audio/1006227011062403.mp3,Е,е
849ebfe3dbe6e7e4,alphabet,ai,audio/849ebfe3dbe6e7e4.mp3,ехать,е
04060f8c0506111f,alphabet,ai,audio/04060f8c0506111f.mp3,Ё,ё
8f1982fe5ef364b6,alphabet,ai,audio/8f1982fe5ef364b6.mp3,ёж,ё
1306272912062596,alphabet,ai,audio/1306272912062596.mp3,Ж,жэ
27e5ea4d51c25c26,alphabet,ai,audio/27e5ea4d51c25c26.mp3,жизнь,жэ
1206259613062729,alphabet,ai,audio/1206259613062729.mp3,З,зэ
f204fcf6af1f7b08,alphabet,ai,audio/f204fcf6af1f7b08.mp3,зима,зэ
1d0636e71c063554,alphabet,ai,audio/1d0636e71c063554.mp3,И,и
f018633bfed6d566,alphabet,ai,audio/f018633bfed6d566.mp3,мир,и
1c0635541d0636e7,alphabet,ai,audio/1c0635541d0636e7.mp3,Й,и краткое
773957787a1d5941,alphabet,ai,audio/773957787a1d5941.mp3,май,и краткое
1f063a0d1e06387a,alphabet,ai,audio/1f063a0d1e06387a.mp3,К,ка
da3e47d3a3478d10,alphabet,ai,audio/da3e47d3a3478d10.mp3,книга,ка
1e06387a1f063a0d,alphabet,ai,audio/1e06387a1f063a0d.mp3,Л,эль
18661534e77f29b1,alphabet,ai,audio/18661534e77f29b1.mp3,лес,эль
1906309b18062f08,alphabet,ai,audio/1906309b18062f08.mp3,М,эм
ef48a8a8e5867746,alphabet,ai,audio/ef48a8a8e5867746.mp3,море,эм
18062f081906309b,alphabet,ai,audio/18062f081906309b.mp3,Н,эн
568fdd19699a39d4,alphabet,ai,audio/568fdd19699a39d4.mp3,нос,эн
1b0633c11a06322e,alphabet,ai,audio/1b0633c11a06322e.mp3,О,о
123b82fe1d6e9a40,alphabet,ai,audio/123b82fe1d6e9a40.mp3,окно,о
1a06322e1b0633c1,alphabet,ai,audio/1a06322e1b0633c1.mp3,П,пэ
d4c592fc45677172,alphabet,ai,audio/d4c592fc45677172.mp3,парк,пэ
2506437f240641ec,alphabet,ai,audio/2506437f240641ec.mp3,Р,эр
40b8d1aeaadf42d8,alphabet,ai,audio/40b8d1aeaadf42d8.mp3,рука,эр
240641ec2506437f,alphabet,ai,audio/240641ec2506437f.mp3,С,эс
efa38425f74d68f5,alphabet,ai,audio/efa38425f74d68f5.mp3,стол,эс
270646a526064512,alphabet,ai,audio/270646a526064512.mp3,Т,тэ
6e8b37290a3ae788,alphabet,ai,audio/6e8b37290a3ae788.mp3,там,тэ
26064512270646a5,alphabet,ai,audio/26064512270646a5.mp3,У,у
75fd1b4ad69f7524,alphabet,ai,audio/75fd1b4ad69f7524.mp3,утро,у
21063d3320063ba0,alphabet,ai,audio/21063d3320063ba0.mp3,Ф,эф
1fb8257eb7a0e205,alphabet,ai,audio/1fb8257eb7a0e205.mp3,фильм,эф
20063ba021063d33,alphabet,ai,audio/20063ba021063d33.mp3,Х,ха
2306405922063ec6,alphabet,ai,audio/2306405922063ec6.mp3,Ц,цэ
f3394531f25e3c01,alphabet,ai,audio/f3394531f25e3c01.mp3,цена,цэ
22063ec623064059,alphabet,ai,audio/22063ec623064059.mp3,Ч,че
2d0650172c064e84,alphabet,ai,audio/2d0650172c064e84.mp3,Ш,ша
d24211842ba7afe3,alphabet,ai,audio/d24211842ba7afe3.mp3,шапка,ша
2c064e842d065017,alphabet,ai,audio/2c064e842d065017.mp3,Щ,ща
88f959d45b15f0ac,alphabet,ai,audio/88f959d45b15f0ac.mp3,щи,ща
2f06533d2e0651aa,alphabet,ai,audio/2f06533d2e0651aa.mp3,Ъ,твёрдый знак
207be139d2e9ee17,alphabet,ai,audio/207be139d2e9ee17.mp3,объект,твёрдый знак
2e0651aa2f06533d,alphabet,ai,audio/2e0651aa2f06533d.mp3,Ы,ы
290649cb28064838,alphabet,ai,audio/290649cb28064838.mp3,Ь,мягкий знак
28064838290649cb,alphabet,ai,audio/28064838290649cb.mp3,Э,э
6b71cab0423021a9,alphabet,ai,audio/6b71cab0423021a9.mp3,это,э
2b064cf12a064b5e,alphabet,ai,audio/2b064cf12a064b5e.mp3,Ю,ю
7bf706c638080e16,alphabet,ai,audio/7bf706c638080e16.mp3,юг,ю
2a064b5e2b064cf1,alphabet,ai,audio/2a064b5e2b064cf1.mp3,Я,я
0398652c23ff4fc4,alphabet,ai,audio/0398652c23ff4fc4.mp3,яблоко,я
09eb53c2bf5e6354,example,ai,audio/09eb53c2bf5e6354.mp3,мять,to crumple — soft М (note Я)
1a909c33352a91aa,example,ai,audio/1a909c33352a91aa.mp3,лук,onion — hard Л
2083d9b2b53eaeef,example,ai,audio/2083d9b2b53eaeef.mp3,люк,hatch — soft Л (note Ю)
a154a8ddbe190ecc,example,ai,audio/a154a8ddbe190ecc.mp3,молоко́,milk — first two О's reduce
8e651dd9d404df08,example,ai,audio/8e651dd9d404df08.mp3,хорошо́,good/well — only the last О is full
84ac351c9bb95add,example,ai,audio/84ac351c9bb95add.mp3,за́мок / замо́к,castle vs. lock — stress changes meaning
fd94bf57851a0c1d,example,ai,audio/fd94bf57851a0c1d.mp3,Это новый студент.,"This is a new student. (masc., consonant ending)"
6377c4f004a101a5,example,ai,audio/6377c4f004a101a5.mp3,Здесь интересная книга.,"Here is an interesting book. (fem., -а ending)"
f5fb3bc41a9ec39e,example,ai,audio/f5fb3bc41a9ec39e.mp3,Открой большое окно.,"Open the big window. (neut., -о ending)"
1007557dccb209f4,example,ai,audio/1007557dccb209f4.mp3,Какая длинная ночь!,"What a long night! (fem., 3rd declension)"
58468c0ffed9c795,example,ai,audio/58468c0ffed9c795.mp3,Студент читает книгу в библиотеке.,The student (nom.) reads a book (acc.) in the library (prep.).
0004e389fb2846fb,example,ai,audio/0004e389fb2846fb.mp3,Я дал книгу другу.,I gave the book (acc.) to a friend (dat.).
030dae93ec2a408b,example,ai,audio/030dae93ec2a408b.mp3,Он пишет ручкой.,He writes with a pen (instr.).
56cd24e33c2873df,example,ai,audio/56cd24e33c2873df.mp3,Это дом моего брата.,This is my brother's (gen.) house.
72efb1d2af36b596,example,ai,audio/72efb1d2af36b596.mp3,Брат любит сестру.,The brother (nom.) loves his sister (acc. fem.).
45152ea8747d4dde,example,ai,audio/45152ea8747d4dde.mp3,Я знаю этого профессора.,I know this professor. (animate masc. acc. = gen.)
46926f304e8c3262,example,ai,audio/46926f304e8c3262.mp3,Я купил новый компьютер.,I bought a new computer. (inanimate masc. acc. = nom.)
6b69d5c904bc4c96,example,ai,audio/6b69d5c904bc4c96.mp3,Мы пригласили друзей.,We invited friends. (animate plural acc. = gen.)
3d06b1eab91a243d,example,ai,audio/3d06b1eab91a243d.mp3,У меня нет брата.,I don't have a brother. (gen. of absence)
ec0d9fed8b39f268,example,ai,audio/ec0d9fed8b39f268.mp3,Это дом моих родителей.,This is my parents' house. (gen. pl. possession)
afa73364b26194f8,example,ai,audio/afa73364b26194f8.mp3,Он купил пять билетов.,He bought five tickets. (5+ → gen. pl.)
be79af91f447464b,example,ai,audio/be79af91f447464b.mp3,Я выпил чашку чая.,I drank a cup of tea. (partitive gen.)
120617d956e5aab7,example,ai,audio/120617d956e5aab7.mp3,В классе три студента.,There are three students in the class. (2-4 → gen. sg.)
09f158362d48714c,example,ai,audio/09f158362d48714c.mp3,Мне нравится эта музыка.,I like this music.
998d0dc18643908a,example,ai,audio/998d0dc18643908a.mp3,Сколько тебе лет?,How old are you? (lit. how many years to you?)
9b7b2f8c928ca9e3,example,ai,audio/9b7b2f8c928ca9e3.mp3,Профессор объяснил студентам правило.,The professor explained the rule to the students.
6e7d00cd8cc3c087,example,ai,audio/6e7d00cd8cc3c087.mp3,Мы идём к бабушке.,We are going to grandmother's. (к + dat.)
b732a6ba23dbd090,example,ai,audio/b732a6ba23dbd090.mp3,Ему было скучно.,He was bored. (dative experiencer)
7e02c91139023e7b,example,ai,audio/7e02c91139023e7b.mp3,Я пишу карандашом.,I write with a pencil. (means)
d7cedd1bfbaac33e,example,ai,audio/d7cedd1bfbaac33e.mp3,Мы пьём кофе с молоком.,We drink coffee with milk. (accompaniment)
d2bd5b7d2e813473,example,ai,audio/d2bd5b7d2e813473.mp3,Он хочет стать врачом.,He wants to become a doctor. (predicate)
3ff772ba0a2342c2,example,ai,audio/3ff772ba0a2342c2.mp3,Кошка спит под столом.,The cat is sleeping under the table. (под + instr.)
724fb42572a98551,example,ai,audio/724fb42572a98551.mp3,Я занимаюсь спортом.,I do sports. (verb-governed instr.)
ea98646fc582b694,example,ai,audio/ea98646fc582b694.mp3,Книга лежит на столе.,The book is lying on the table.
8d3a351355d78879,example,ai,audio/8d3a351355d78879.mp3,Мы живём в большом городе.,We live in a big city.
2b2435d9e22833f0,example,ai,audio/2b2435d9e22833f0.mp3,Они говорят о политике.,They are talking about politics.
e7aca59d3ebbbe34,example,ai,audio/e7aca59d3ebbbe34.mp3,Дети играют в саду.,The children are playing in the garden. (locative-2)
286ed83577959859,example,ai,audio/286ed83577959859.mp3,Я мечтаю о море.,I dream about the sea.
d6412f69de7360a1,example,ai,audio/d6412f69de7360a1.mp3,У наших друзей новая машина.,Our friends have a new car. (irregular gen. pl.)
b1373c1f5838b679,example,ai,audio/b1373c1f5838b679.mp3,В городах много домов.,There are many houses in the cities.
64df432d4ac74a8a,example,ai,audio/64df432d4ac74a8a.mp3,Я разговаривал с матерью.,"I was talking with my mother. (instr. sg., insert -er-)"
4d31a84859f2d1f3,example,ai,audio/4d31a84859f2d1f3.mp3,Я читаю интересную книгу.,I am reading an interesting book. (fem. acc.)
84a11cfa5a9ae6b2,example,ai,audio/84a11cfa5a9ae6b2.mp3,Мы говорили о новых студентах.,We talked about the new students. (prep. pl.)
d85b2b276ac8d857,example,ai,audio/d85b2b276ac8d857.mp3,Этот город очень красив.,"This city is very beautiful. (short form, predicate)"
595a2763c8ccde11,example,ai,audio/595a2763c8ccde11.mp3,Я должен идти.,I must go. (short form должен)
1aa814af4264bf11,example,ai,audio/1aa814af4264bf11.mp3,Эта задача труднее предыдущей.,This problem is harder than the previous one. (gen. comparison)
36c7eb150aee2007,example,ai,audio/36c7eb150aee2007.mp3,"Он говорит по-русски лучше, чем я.",He speaks Russian better than I do. (чем + nom.)
4e0f93f652b7f78c,example,ai,audio/4e0f93f652b7f78c.mp3,Это самый красивый город в мире.,This is the most beautiful city in the world.
edb0bd245f2ed776,example,ai,audio/edb0bd245f2ed776.mp3,Больше всего я люблю читать.,Most of all I love to read.
f001c39738627b16,example,ai,audio/f001c39738627b16.mp3,У меня есть вопрос.,I have a question. (lit. by me there is)
8308465acc94c7db,example,ai,audio/8308465acc94c7db.mp3,Я думаю о тебе.,I am thinking about you.
de5181a3ba0363f4,example,ai,audio/de5181a3ba0363f4.mp3,Она взяла свою книгу.,She took her (own) book.
92635ed689cf4907,example,ai,audio/92635ed689cf4907.mp3,Чья это машина?,Whose car is this?
c676025d46f8678a,example,ai,audio/c676025d46f8678a.mp3,С кем ты говорил?,With whom were you talking?
f3fc3df6efe9215e,example,ai,audio/f3fc3df6efe9215e.mp3,У меня две сестры и один брат.,I have two sisters and one brother.
1e561fda4203be35,example,ai,audio/1e561fda4203be35.mp3,В группе двадцать пять студентов.,There are twenty-five students in the group. (gen. pl.)
d0be1121b8b30c74,example,ai,audio/d0be1121b8b30c74.mp3,Сегодня третье мая.,Today is the third of May. (ordinal + gen. of month)
f94df41da7fab398,example,ai,audio/f94df41da7fab398.mp3,Он пришёл с двумя друзьями.,"He came with two friends. (number declined, instr.)"
aa777de071a317b7,example,ai,audio/aa777de071a317b7.mp3,Я читаю эту книгу уже неделю.,"I've been reading this book for a week. (imperf., process)"
c1c22d9481f65fd4,example,ai,audio/c1c22d9481f65fd4.mp3,Я прочитал эту книгу за один день.,"I read this book in one day. (perf., result)"
43377403e3bd1b5f,example,ai,audio/43377403e3bd1b5f.mp3,Он говорит по-русски и по-английски.,He speaks Russian and English.
ffafcdec16de0500,example,ai,audio/ffafcdec16de0500.mp3,Раньше здесь был парк.,There used to be a park here. (past of быть)
a7143887a4e7cae3,example,ai,audio/a7143887a4e7cae3.mp3,Вчера она читала весь вечер.,"Yesterday she read all evening. (imperf. past, fem.)"
c3d0f8af5709e03a,example,ai,audio/c3d0f8af5709e03a.mp3,Завтра я буду работать.,Tomorrow I will be working. (compound future)
e6ba0d8bb4ee5992,example,ai,audio/e6ba0d8bb4ee5992.mp3,Я напишу письмо и отправлю его.,"I will write the letter and send it. (perf. future, sequence)"
2ab8340e0ef95e59,example,ai,audio/2ab8340e0ef95e59.mp3,Они уже ушли.,"They have already left. (perf. past, suppletive шли)"
58ba075297fdbfec,example,ai,audio/58ba075297fdbfec.mp3,"Если бы у меня было время, я бы поехал в Москву.","If I had time, I would go to Moscow. (бы + past)"
4a60c106dcc87178,example,ai,audio/4a60c106dcc87178.mp3,Я хотел бы спросить.,I would like to ask. (polite softening)
d67eb35555a4aaa0,example,ai,audio/d67eb35555a4aaa0.mp3,Сейчас я иду в университет.,I'm walking to the university right now. (unidirectional)
15f7b5ddea58a0ce,example,ai,audio/15f7b5ddea58a0ce.mp3,Я хожу в университет каждый день.,"I go to the university every day. (multidirectional, habit)"
5bb23e800e57d9a4,example,ai,audio/5bb23e800e57d9a4.mp3,Поезд приходит в восемь часов.,The train arrives at eight o'clock. (prefixed imperf.)
08452e04035facce,example,ai,audio/08452e04035facce.mp3,"Закройте, пожалуйста, дверь.",Please close the door. (perf. imperative)
dfd45d41ec634e6b,example,ai,audio/dfd45d41ec634e6b.mp3,"Студент, читающий книгу, мой брат.",The student reading the book is my brother. (present active participle)
299c0abe70e3dcc7,example,ai,audio/299c0abe70e3dcc7.mp3,"Прочитав письмо, она заплакала.","Having read the letter, she burst into tears. (perfective verbal adverb)"
75be146572dee7b6,example,ai,audio/75be146572dee7b6.mp3,Я никогда там не был.,I have never been there. (obligatory double negation)
0a6d472d1abd4b6f,example,ai,audio/0a6d472d1abd4b6f.mp3,У нас нет времени.,We don't have time. (нет + genitive)
fe9c7e2c44c39e04,example,ai,audio/fe9c7e2c44c39e04.mp3,Вы говорите по-русски?,Do you speak Russian? (yes/no question by intonation)
18c55049dedd13f3,example,ai,audio/18c55049dedd13f3.mp3,В настоящей работе рассматривается проблема классификации текстов.,The present work examines the problem of text classification.
7e36a96fda10bcb7,example,ai,audio/7e36a96fda10bcb7.mp3,"Нами было установлено, что данная зависимость носит нелинейный характер.",We established that the dependence in question is nonlinear in nature.
9b282985e5cf2776,example,ai,audio/9b282985e5cf2776.mp3,Полученные данные свидетельствуют о наличии корреляции между переменными.,The data obtained attest to the presence of a correlation between the variables.
1677926c7381390b,example,ai,audio/1677926c7381390b.mp3,оценка эффективности методов обработки данных,assessment of the effectiveness of data-processing methods
c3e4ecdfc848d596,example,ai,audio/c3e4ecdfc848d596.mp3,проблема определения границ применимости теории,the problem of determining the limits of applicability of the theory
8a88cf41e8e3c7b8,example,ai,audio/8a88cf41e8e3c7b8.mp3,в результате анализа динамики показателей роста,as a result of analysing the dynamics of the growth indicators
9d3f827e7b40ca8e,example,ai,audio/9d3f827e7b40ca8e.mp3,Эксперимент не дал ожидаемого результата; тем не менее полученные данные представляют интерес.,"The experiment did not yield the expected result; nevertheless, the data obtained are of interest."
392ab6505f0e6290,example,ai,audio/392ab6505f0e6290.mp3,"Таким образом, можно сделать вывод о том, что гипотеза подтверждается.","Thus, one may conclude that the hypothesis is confirmed."
c69d3e774a3f3d6d,example,ai,audio/c69d3e774a3f3d6d.mp3,В связи с этим возникает вопрос о применимости модели в иных условиях.,"In this connection, the question arises of the model's applicability under other conditions."
0063e4fafd018a90,example,ai,audio/0063e4fafd018a90.mp3,Настоящая статья посвящена изучению влияния температуры на скорость реакции.,The present article is devoted to studying the effect of temperature on the reaction rate.
29a61b27933af6db,example,ai,audio/29a61b27933af6db.mp3,Цель работы — выявить закономерности распределения данных в выборке.,The aim of the work is to reveal regularities in the distribution of the data in the sample.
8b4f13ac1fa61e75,example,ai,audio/8b4f13ac1fa61e75.mp3,В заключение подведём основные итоги проведённого исследования.,"In conclusion, let us sum up the principal results of the conducted study."
13c97404cfd2393e,example,ai,audio/13c97404cfd2393e.mp3,"По мнению ряда авторов, данная гипотеза нуждается в дополнительной проверке.","In the opinion of a number of authors, this hypothesis requires additional verification."
f56a47c3e1a0195d,example,ai,audio/f56a47c3e1a0195d.mp3,"Согласно классификации, предложенной автором, выделяются три типа.","According to the classification proposed by the author, three types are distinguished."
7ed9bd98ae6fe9e3,example,ai,audio/7ed9bd98ae6fe9e3.mp3,"Как отмечает исследователь, данный эффект ранее не описывался [5, с. 12].","As the researcher notes, this effect had not previously been described [5, p. 12]."
12ffca01d0a43e3a,example,ai,audio/12ffca01d0a43e3a.mp3,Под устойчивостью системы в данной работе понимается её способность сохранять равновесие.,"By the stability of the system, in this work, we understand its capacity to maintain equilibrium."
ac225e36a9679138,example,ai,audio/ac225e36a9679138.mp3,"Выдвигается гипотеза, согласно которой переменные связаны нелинейно.",A hypothesis is advanced according to which the variables are related nonlinearly.
ffb61ea50cf369f7,example,ai,audio/ffb61ea50cf369f7.mp3,"Термин «дискурс» определяется как речь, погружённая в социальный контекст.","The term ""discourse"" is defined as speech immersed in a social context."
079134ee97edf4c2,example,ai,audio/079134ee97edf4c2.mp3,"Как видно из таблицы 3, значение показателя возросло почти в два раза.","As can be seen from Table 3, the value of the indicator nearly doubled."
c831b128aeebc300,example,ai,audio/c831b128aeebc300.mp3,"По-видимому, наблюдаемый эффект обусловлен изменением температуры.","Apparently, the observed effect is caused by the change in temperature."
13f0ca7d013daa4b,example,ai,audio/13f0ca7d013daa4b.mp3,Представляется обоснованным предположить наличие обратной зависимости.,It appears justified to suppose the presence of an inverse relationship.
7a6ac9e5a06382ea,example,ai,audio/7a6ac9e5a06382ea.mp3,В настоящей работе рассматривается проблема автоматической классификации научных текстов.,The present work addresses the problem of the automatic classification of scholarly texts. [Core: проблема (subject) + рассматривается (reflexive passive). Genitive chain: classification ← of texts.]
7730c41e0a67c37c,example,ai,audio/7730c41e0a67c37c.mp3,"Несмотря на значительное число существующих подходов, данный вопрос остаётся недостаточно изученным.","Despite the considerable number of existing approaches, this question remains insufficiently studied. [Concessive opener несмотря на + accusative; predicate остаётся + instrumental.]"
9b67095dfa6ac401,example,ai,audio/9b67095dfa6ac401.mp3,"Нами был предложен метод, основанный на анализе частотных характеристик лексики.",We proposed a method based on the analysis of the frequency characteristics of the vocabulary. [Passive with agent in instrumental (нами); participle clause основанный на… modifies метод.]
1d3abefa998892b3,example,ai,audio/1d3abefa998892b3.mp3,"Полученные результаты, представленные в таблице 1, свидетельствуют о его эффективности.","The results obtained, presented in Table 1, attest to its effectiveness. [Two stacked participles modify результаты; predicate свидетельствуют о + prepositional.]"
96634b9876a6664d,example,ai,audio/96634b9876a6664d.mp3,"Таким образом, можно заключить, что предложенный подход обладает определённой практической значимостью.","Thus, one may conclude that the proposed approach possesses a certain practical significance. [Conclusion connector таким образом; impersonal modal можно + infinitive; обладать governs the instrumental.]"
bcf5ed965e38f71a,dialogue,human,audio/bcf5ed965e38f71a.mp3,Здравствуйте! Меня зовут Джеймс. Я аспирант из Великобритании.,Hello! My name is James. I'm a PhD student from Britain.
ec89def78c50c1eb,dialogue,human,audio/ec89def78c50c1eb.mp3,"Очень приятно. Анна Сергеевна, я работаю на кафедре истории.","Very nice to meet you. Anna Sergeyevna, I work in the history department."
182e7e00cef4d83a,dialogue,human,audio/182e7e00cef4d83a.mp3,Взаимно. Как мне лучше к вам обращаться?,Likewise. How should I best address you?
c2f19fe8dcfe8c36,dialogue,human,audio/c2f19fe8dcfe8c36.mp3,Можно просто по имени-отчеству — Анна Сергеевна.,Just by my first name and patronymic — Anna Sergeyevna.
97d5e63fb2948dce,dialogue,human,audio/97d5e63fb2948dce.mp3,Хорошо. Рад знакомству!,Good. Glad to meet you!
0e0fa4fa865e1f69,dialogue,human,audio/0e0fa4fa865e1f69.mp3,"Привет! Ты тоже на семинар? Я Костя, первый курс.","Hi! Are you also here for the seminar? I'm Kostya, first year."
9a55ee18c2a1c90f,dialogue,human,audio/9a55ee18c2a1c90f.mp3,"Привет, да! Меня зовут Джеймс. Очень приятно.","Hi, yes! My name is James. Nice to meet you."
48e4b55c1cb0002f,dialogue,human,audio/48e4b55c1cb0002f.mp3,"Давай на «ты», мы же ровесники. Как дела?","Let's use ""ty"", we're the same age after all. How's it going?"
7c90facac43baa41,dialogue,human,audio/7c90facac43baa41.mp3,"Нормально, спасибо. Немного волнуюсь перед семинаром.","Fine, thanks. A bit nervous before the seminar."
cbfdd3bad482db8b,dialogue,human,audio/cbfdd3bad482db8b.mp3,"Не переживай, всё будет хорошо!","Don't worry, everything will be fine!"
02d463af604e3fc7,example,ai,audio/02d463af604e3fc7.mp3,Разрешите представиться.,Allow me to introduce myself. (very formal)
50950af4756b1e18,example,ai,audio/50950af4756b1e18.mp3,Меня зовут… / Моя фамилия…,My name is… / My surname is…
0c938c1782add4dd,example,ai,audio/0c938c1782add4dd.mp3,Очень приятно (познакомиться).,Very nice (to meet you).
83407748776686f6,example,ai,audio/83407748776686f6.mp3,Как вас зовут? / Как тебя зовут?,What is your name? (formal / informal)
c8eeb9be4de4aa0c,example,ai,audio/c8eeb9be4de4aa0c.mp3,Можно к вам обращаться по имени?,May I address you by first name?
4e8c5350c923ea2b,example,ai,audio/4e8c5350c923ea2b.mp3,Давайте перейдём на «ты».,"Let's switch to ""ty"" (informal)."
39870f16480cb85a,example,ai,audio/39870f16480cb85a.mp3,Как дела? / Как ваши дела?,How are you? (informal / formal)
b3b66e6d9d2cc87a,example,ai,audio/b3b66e6d9d2cc87a.mp3,"Спасибо, хорошо. А у вас?","Fine, thanks. And you? (formal)"
4b3ee8e85ef825be,dialogue,human,audio/4b3ee8e85ef825be.mp3,"Откуда ты приехал? По акценту слышу, что не местный.",Where did you come from? I can tell from your accent you're not local.
ea9e1be2af23a607,dialogue,human,audio/ea9e1be2af23a607.mp3,"Из Эдинбурга, это в Шотландии. Я здесь по обмену, пишу диссертацию.","From Edinburgh, that's in Scotland. I'm here on exchange, writing my dissertation."
dee462d23e4a78bf,dialogue,human,audio/dee462d23e4a78bf.mp3,Здорово! А что ты изучаешь?,Cool! And what do you study?
e7b1a85cc3884326,dialogue,human,audio/e7b1a85cc3884326.mp3,Историю советской науки. Меня давно интересует эта тема.,The history of Soviet science. I've long been interested in this topic.
bd85dbd8d2c32975,dialogue,human,audio/bd85dbd8d2c32975.mp3,Серьёзная тема. И как тебе Россия? Не скучаешь по дому?,Serious topic. And how do you find Russia? Don't you miss home?
f215d04b30711f43,dialogue,human,audio/f215d04b30711f43.mp3,"Иногда скучаю, но мне здесь очень нравится. Особенно люди и архитектура.","Sometimes I miss it, but I really like it here. Especially the people and the architecture."
284b6740d9f2e6cf,dialogue,human,audio/284b6740d9f2e6cf.mp3,А по-русски ты неплохо говоришь! Давно учишь?,And you speak Russian quite well! Have you been studying long?
9af7ee6e47848dc5,dialogue,human,audio/9af7ee6e47848dc5.mp3,"Спасибо. Уже четыре года, но разговорной практики не хватает.","Thanks. Four years already, but I lack speaking practice."
93981335c45d02ad,dialogue,human,audio/93981335c45d02ad.mp3,Тогда будем общаться почаще. Дай мне свой номер!,Then let's chat more often. Give me your number!
987e56205b240a45,example,ai,audio/987e56205b240a45.mp3,Откуда вы / ты?,Where are you from? (formal / informal)
5d13be8575e55ba1,example,ai,audio/5d13be8575e55ba1.mp3,Я из… / Я приехал(а) из…,I'm from… / I came from…
fd01dc5cd09aaf3d,example,ai,audio/fd01dc5cd09aaf3d.mp3,Чем вы занимаетесь?,What do you do? / What's your field?
58ed9498b428f7ab,example,ai,audio/58ed9498b428f7ab.mp3,Я изучаю… / Я пишу диссертацию о…,I study… / I'm writing a dissertation on…
b33707b15e5428df,example,ai,audio/b33707b15e5428df.mp3,Как вам / тебе Россия?,How do you find Russia?
67e7457153cc64fa,example,ai,audio/67e7457153cc64fa.mp3,Я здесь по обмену / по программе.,I'm here on exchange / on a programme.
7b16c4a309be0215,example,ai,audio/7b16c4a309be0215.mp3,Вы давно здесь живёте?,Have you lived here long?
dacc5cadd045b054,example,ai,audio/dacc5cadd045b054.mp3,У нас много общего!,We have a lot in common!
fdd6141bfeb67d7d,dialogue,human,audio/fdd6141bfeb67d7d.mp3,"Извините, подскажите, пожалуйста, где находится аудитория 312?","Excuse me, could you tell me where room 312 is?"
13fe67176b73d9da,dialogue,human,audio/13fe67176b73d9da.mp3,"Это во втором корпусе, на третьем этаже. Поднимитесь по лестнице и направо.","That's in the second block, on the third floor. Go up the stairs and to the right."
930dd0bc033e70a4,dialogue,human,audio/930dd0bc033e70a4.mp3,"Спасибо большое! А не подскажете, где деканат?",Thank you very much! And could you tell me where the dean's office is?
e02ba796a9f5b9b9,dialogue,human,audio/e02ba796a9f5b9b9.mp3,"Деканат на первом этаже, кабинет 105, рядом с гардеробом.","The dean's office is on the ground floor, room 105, next to the cloakroom."
bf112de0f7eeee37,dialogue,human,audio/bf112de0f7eeee37.mp3,"Здравствуйте. Я иностранный аспирант, мне нужно оформить справку об обучении.","Hello. I'm an international PhD student, I need to get a certificate of enrolment issued."
268469d3947ebe3a,dialogue,human,audio/268469d3947ebe3a.mp3,"Хорошо. Покажите, пожалуйста, студенческий билет и паспорт.",All right. Please show me your student ID and passport.
013bf15cf0438a6e,dialogue,human,audio/013bf15cf0438a6e.mp3,"Вот, пожалуйста. Когда справка будет готова?",Here you are. When will the certificate be ready?
0d2ff27424675232,dialogue,human,audio/0d2ff27424675232.mp3,"Завтра после обеда. Зайдите, пожалуйста, после трёх.",Tomorrow afternoon. Please come by after three.
8d42a9a9c084d62f,dialogue,human,audio/8d42a9a9c084d62f.mp3,"Понял, спасибо. Всего доброго!","Got it, thank you. All the best!"
27996d945d425bd3,example,ai,audio/27996d945d425bd3.mp3,"Подскажите, пожалуйста, где…?",Could you tell me where… is?
b613942c1833a290,example,ai,audio/b613942c1833a290.mp3,Как пройти в…?,How do I get to…?
dff7b0945868caed,example,ai,audio/dff7b0945868caed.mp3,Это на каком этаже?,What floor is that on?
e80085e2690ff0f3,example,ai,audio/e80085e2690ff0f3.mp3,Мне нужно оформить справку / документы.,I need to get a certificate / documents issued.
480db648c3dc57c1,example,ai,audio/480db648c3dc57c1.mp3,К кому мне обратиться по этому вопросу?,Whom should I turn to about this matter?
15a6bf31560b61a7,example,ai,audio/15a6bf31560b61a7.mp3,Какие документы нужны?,What documents are needed?
9af831484066f54d,example,ai,audio/9af831484066f54d.mp3,Когда это будет готово?,When will this be ready?
d8c1e3e098d36914,example,ai,audio/d8c1e3e098d36914.mp3,В какие часы работает деканат?,What hours is the dean's office open?
d2ef423777b86a20,dialogue,human,audio/d2ef423777b86a20.mp3,"Здравствуйте, Виктор Павлович! Спасибо, что нашли время меня принять.","Hello, Viktor Pavlovich! Thank you for finding time to see me."
26759c2da396a7ad,dialogue,human,audio/26759c2da396a7ad.mp3,"Здравствуйте, проходите, садитесь. Как продвигается ваша работа?","Hello, come in, sit down. How is your work coming along?"
5a26c69320523221,dialogue,human,audio/5a26c69320523221.mp3,В целом неплохо. Я закончил первую главу и собрал материал для второй.,"On the whole, not bad. I've finished the first chapter and gathered material for the second."
ca8eae81a5cb792a,dialogue,human,audio/ca8eae81a5cb792a.mp3,Отлично. А с источниками в архиве не возникло трудностей?,Excellent. And did you run into any difficulties with the archival sources?
489d711df7d0cde2,dialogue,human,audio/489d711df7d0cde2.mp3,"Возникли, к сожалению. Часть документов оказалась недоступна. Не могли бы вы посоветовать, к кому обратиться?","Unfortunately, yes. Some documents turned out to be inaccessible. Could you possibly advise me whom to approach?"
b638ef44ac5f1d32,dialogue,human,audio/b638ef44ac5f1d32.mp3,Я напишу рекомендательное письмо заведующему архивом. Это должно помочь.,I'll write a letter of recommendation to the head of the archive. That should help.
f19973c1edc96dfb,dialogue,human,audio/f19973c1edc96dfb.mp3,Огромное спасибо. Когда вам удобно обсудить готовую главу?,Thank you so much. When would be convenient for you to discuss the finished chapter?
37216ab32c86773f,dialogue,human,audio/37216ab32c86773f.mp3,"Пришлите текст до пятницы, и встретимся на следующей неделе.","Send me the text by Friday, and we'll meet next week."
2341e15fd434cbaf,dialogue,human,audio/2341e15fd434cbaf.mp3,Договорились. Ещё раз спасибо за помощь.,Agreed. Thank you again for your help.
4529142f4237b783,dialogue,human,audio/4529142f4237b783.mp3,Не за что. Успехов в работе!,You're welcome. Good luck with the work!
cd4c7b40ff0f14f4,example,ai,audio/cd4c7b40ff0f14f4.mp3,"Спасибо, что нашли время меня принять.",Thank you for finding time to see me.
e8caf1833c9b3574,example,ai,audio/e8caf1833c9b3574.mp3,Когда вам было бы удобно встретиться?,When would it be convenient for you to meet?
87d9cd198cc5be72,example,ai,audio/87d9cd198cc5be72.mp3,"Работа продвигается, но есть некоторые трудности.","The work is progressing, but there are some difficulties."
cfb12e71c7c93c05,example,ai,audio/cfb12e71c7c93c05.mp3,Не могли бы вы посмотреть мою главу?,Could you possibly look over my chapter?
0816821ccd6d43e9,example,ai,audio/0816821ccd6d43e9.mp3,Я хотел бы посоветоваться с вами по поводу…,I would like to consult you regarding…
bdcb833a4f282d5a,example,ai,audio/bdcb833a4f282d5a.mp3,Я учту все ваши замечания.,I will take all your comments into account.
13ac428dbfd86c66,example,ai,audio/13ac428dbfd86c66.mp3,К какому сроку нужно сдать текст?,By what deadline do I need to submit the text?
f7f146be5386fd4d,example,ai,audio/f7f146be5386fd4d.mp3,Спасибо за ценные советы.,Thank you for the valuable advice.
2f2e7c7629c99d95,dialogue,human,audio/2f2e7c7629c99d95.mp3,"Спасибо за доклад. Не могли бы вы уточнить, что вы понимаете под «модернизацией»?","Thank you for the talk. Could you clarify what you mean by ""modernisation""?"
c88b73b5f8ac139c,dialogue,human,audio/c88b73b5f8ac139c.mp3,Под модернизацией я имею в виду прежде всего технологические изменения.,By modernisation I mean primarily technological change.
31e5b5758efc1f01,dialogue,human,audio/31e5b5758efc1f01.mp3,"Понятно. Тогда я не совсем согласен с вашим выводом — мне кажется, нельзя сводить всё к технологиям.",I see. Then I don't quite agree with your conclusion — I think one can't reduce everything to technology.
2b6ea8cdfeb6e3b7,dialogue,human,audio/2b6ea8cdfeb6e3b7.mp3,"Возможно, вы правы. А что бы вы предложили учесть?",Perhaps you're right. And what would you suggest taking into account?
7f46567371c7d074,dialogue,human,audio/7f46567371c7d074.mp3,Я бы добавил социальный фактор. С этой точки зрения картина выглядит сложнее.,I'd add the social factor. From that perspective the picture looks more complex.
5df21066c0d557fe,dialogue,human,audio/5df21066c0d557fe.mp3,"Согласен, это справедливое замечание. Я учту его в статье.","Agreed, that's a fair point. I'll take it into account in the article."
a4f9d66645e3443b,dialogue,human,audio/a4f9d66645e3443b.mp3,"Простите, я не расслышал последний тезис. Не могли бы вы повторить?","Sorry, I didn't catch the last point. Could you repeat it?"
4707ffeedb2b1fba,dialogue,human,audio/4707ffeedb2b1fba.mp3,"Конечно. Я говорил, что причины были не только экономическими.",Of course. I was saying that the causes were not only economic.
d7af09f84a00a58e,dialogue,human,audio/d7af09f84a00a58e.mp3,"Теперь понятно, спасибо. Очень интересная дискуссия.","Now it's clear, thanks. A very interesting discussion."
58eb27eab62be5ae,example,ai,audio/58eb27eab62be5ae.mp3,"Не могли бы вы уточнить, что вы имеете в виду?",Could you clarify what you mean?
34404e63a24daabb,example,ai,audio/34404e63a24daabb.mp3,"Простите, я не расслышал. Повторите, пожалуйста.","Sorry, I didn't catch that. Please repeat."
c0292a57474c468b,example,ai,audio/c0292a57474c468b.mp3,Я полностью с вами согласен.,I completely agree with you.
163e87e414e52bc2,example,ai,audio/163e87e414e52bc2.mp3,Я не совсем согласен с этим тезисом.,I don't quite agree with that point.
5f7412f6e7432980,example,ai,audio/5f7412f6e7432980.mp3,Позвольте с вами не согласиться.,Allow me to disagree with you. (polite)
c65e6d8b3f6f69d3,example,ai,audio/c65e6d8b3f6f69d3.mp3,Можно уточняющий вопрос?,May I ask a clarifying question?
98f9674a607cf472,example,ai,audio/98f9674a607cf472.mp3,С одной стороны… с другой стороны…,On the one hand… on the other hand…
e3934c880e6b1379,example,ai,audio/e3934c880e6b1379.mp3,Это справедливое замечание.,That's a fair point.
fe68b3ed7f8bc9d5,dialogue,human,audio/fe68b3ed7f8bc9d5.mp3,"Здравствуйте! Кажется, мы оба на секции по истории науки. Меня зовут Джеймс.",Hello! It seems we're both in the history of science panel. My name is James.
998a44e735aef62c,dialogue,human,audio/998a44e735aef62c.mp3,"Очень приятно, Елена. А над чем вы работаете?","Pleased to meet you, Elena. And what are you working on?"
aff3aa258a918d74,dialogue,human,audio/aff3aa258a918d74.mp3,Я исследую историю советских научных институтов в тридцатые годы. А вы?,I research the history of Soviet research institutes in the 1930s. And you?
70e6ed807c5c1f07,dialogue,human,audio/70e6ed807c5c1f07.mp3,"Я занимаюсь историей образования. Похоже, у нас смежные темы!",I work on the history of education. It seems our topics are adjacent!
7aaf2a7dba9b58b7,dialogue,human,audio/7aaf2a7dba9b58b7.mp3,Действительно. Я как раз слушал ваш доклад — было очень интересно.,Indeed. I just listened to your talk — it was very interesting.
c5a3824a16c3e9fd,dialogue,human,audio/c5a3824a16c3e9fd.mp3,"Спасибо! Давайте обменяемся контактами, может быть, получится посотрудничать.","Thank you! Let's exchange contacts, maybe we could collaborate."
dff07f4946b24af1,dialogue,human,audio/dff07f4946b24af1.mp3,С удовольствием. Вот моя визитка. Напишите мне на почту.,Gladly. Here's my card. Write to me by email.
0d4c9016a48ed88b,dialogue,human,audio/0d4c9016a48ed88b.mp3,"Обязательно. Кстати, вы будете на завтрашнем круглом столе?","Definitely. By the way, will you be at tomorrow's round table?"
38be95af8fe62e61,dialogue,human,audio/38be95af8fe62e61.mp3,"Да, конечно. Там и продолжим разговор.","Yes, of course. We'll continue the conversation there."
1cf98960c2870fb5,dialogue,human,audio/1cf98960c2870fb5.mp3,"Отлично, до завтра!","Great, see you tomorrow!"
1cf108a277563de0,example,ai,audio/1cf108a277563de0.mp3,Над чем вы сейчас работаете?,What are you working on right now?
41af6dd8a078191d,example,ai,audio/41af6dd8a078191d.mp3,Я занимаюсь… / Моя тема — …,I work on… / My topic is…
065e374c73d025eb,example,ai,audio/065e374c73d025eb.mp3,"У нас, кажется, смежные темы.",Our topics seem to be related.
f213b189025329c7,example,ai,audio/f213b189025329c7.mp3,Давайте обменяемся контактами.,Let's exchange contacts.
46d8271e3739cdd5,example,ai,audio/46d8271e3739cdd5.mp3,"Вот моя визитка. / Дайте, пожалуйста, ваш e-mail.",Here's my card. / Please give me your email.
0b061ddf9acf6050,example,ai,audio/0b061ddf9acf6050.mp3,"Может быть, получится посотрудничать.",Maybe we could collaborate.
8752d60eb56ec6d0,example,ai,audio/8752d60eb56ec6d0.mp3,Мне очень понравился ваш доклад.,I really liked your talk.
eb26ec47a5de04b6,example,ai,audio/eb26ec47a5de04b6.mp3,Будем на связи!,Let's keep in touch!
199614ca0e541f6f,dialogue,human,audio/199614ca0e541f6f.mp3,Здравствуйте! Будете что-нибудь заказывать?,Hello! Will you be ordering anything?
53eeaf6caf95b8bf,dialogue,human,audio/53eeaf6caf95b8bf.mp3,"Да, дайте, пожалуйста, минутку. А что вы посоветуете из горячего?","Yes, give me a minute, please. And what would you recommend from the mains?"
6c46e50ad1e24e5f,dialogue,human,audio/6c46e50ad1e24e5f.mp3,Очень советую борщ и пельмени — у нас они домашние.,I really recommend the borsch and pelmeni — ours are homemade.
e115e598671fe17a,dialogue,human,audio/e115e598671fe17a.mp3,"Тогда мне борщ и пельмени. И ещё чай без сахара, пожалуйста.","Then I'll have the borsch and pelmeni. And also tea without sugar, please."
c1d0b0647ec318c5,dialogue,human,audio/c1d0b0647ec318c5.mp3,Хорошо. Хлеб приносить?,All right. Shall I bring bread?
4c386922d30b7227,dialogue,human,audio/4c386922d30b7227.mp3,"Да, будьте добры. А в пельменях есть мясо? Я не ем свинину.","Yes, please. And is there meat in the pelmeni? I don't eat pork."
de23adca757b7988,dialogue,human,audio/de23adca757b7988.mp3,"Есть с говядиной, не переживайте. Принесу именно их.","There are beef ones, don't worry. I'll bring exactly those."
dba876a1fc874d2b,dialogue,human,audio/dba876a1fc874d2b.mp3,"Спасибо большое. И можно сразу счёт принести, я тороплюсь.","Thank you very much. And could you bring the bill straight away, I'm in a hurry."
fcad08d95db8dd87,dialogue,human,audio/fcad08d95db8dd87.mp3,Конечно. Картой или наличными?,Of course. Card or cash?
3be1436cc206aff6,dialogue,human,audio/3be1436cc206aff6.mp3,"Картой, спасибо.","By card, thanks."
6e9b1c8ac4ff06fb,example,ai,audio/6e9b1c8ac4ff06fb.mp3,"Можно меню, пожалуйста?","Could I have the menu, please?"
363bd1c8990c1605,example,ai,audio/363bd1c8990c1605.mp3,Что вы посоветуете?,What would you recommend?
bde156449c807a31,example,ai,audio/bde156449c807a31.mp3,"Мне, пожалуйста, … / Можно мне…",I'll have… / May I have…
9c0b1012264c4730,example,ai,audio/9c0b1012264c4730.mp3,У вас есть вегетарианские блюда?,Do you have vegetarian dishes?
61374d3ce5d549d5,example,ai,audio/61374d3ce5d549d5.mp3,Я не ем свинину / у меня аллергия на орехи.,I don't eat pork / I'm allergic to nuts.
8c27630bebca65ac,example,ai,audio/8c27630bebca65ac.mp3,"Счёт, пожалуйста.","The bill, please."
13407bcabc089216,example,ai,audio/13407bcabc089216.mp3,Можно оплатить картой?,Can I pay by card?
5728d9d357876daa,example,ai,audio/5728d9d357876daa.mp3,"Всё было очень вкусно, спасибо!","Everything was very tasty, thank you!"
6e3d0ae955f242dd,dialogue,human,audio/6e3d0ae955f242dd.mp3,"Здравствуйте! Скажите, пожалуйста, сколько стоят эти яблоки?",Hello! Could you tell me how much these apples cost?
f78cea0962d5c1de,dialogue,human,audio/f78cea0962d5c1de.mp3,"Сто пятьдесят рублей за килограмм. Очень сладкие, попробуйте.","A hundred and fifty roubles a kilo. Very sweet, try one."
1ef86d735fc06e0f,dialogue,human,audio/1ef86d735fc06e0f.mp3,"Действительно вкусные. Дайте, пожалуйста, два килограмма. А скидку сделаете?","Really tasty. Give me two kilos, please. And will you give a discount?"
b4504a7fb760d4b1,dialogue,human,audio/b4504a7fb760d4b1.mp3,"Ладно, для вас двести восемьдесят за два кило.","All right, for you two hundred eighty for two kilos."
cfe2c655bcd48413,dialogue,human,audio/cfe2c655bcd48413.mp3,Спасибо! Можно картой?,Thanks! Can I pay by card?
e1eecf42991098ab,dialogue,human,audio/e1eecf42991098ab.mp3,"Конечно, прикладывайте.","Of course, tap it here."
0f29c31aecb6d520,dialogue,human,audio/0f29c31aecb6d520.mp3,"Здравствуйте, я вызывал такси до центра. Сколько примерно ехать?","Hello, I ordered a taxi to the centre. About how long is the ride?"
031645d1a9ee02a8,dialogue,human,audio/031645d1a9ee02a8.mp3,"Минут двадцать, если без пробок. Пристегнитесь, пожалуйста.",About twenty minutes if there's no traffic. Please buckle up.
af02422a7e6428c0,dialogue,human,audio/af02422a7e6428c0.mp3,"Хорошо. А вы не подскажете, как доехать до метро отсюда обратно?",All right. And could you tell me how to get back to the metro from here?
63b966c4b54794b9,dialogue,human,audio/63b966c4b54794b9.mp3,"Станция в двух минутах пешком, за углом налево.","The station is two minutes' walk, around the corner to the left."
697689aead3fd7f2,example,ai,audio/697689aead3fd7f2.mp3,Сколько это стоит?,How much does this cost?
739031a5ceb65b7a,example,ai,audio/739031a5ceb65b7a.mp3,Можно подешевле? / А скидку сделаете?,Can it be cheaper? / Will you give a discount?
e771d5cc7b345674,example,ai,audio/e771d5cc7b345674.mp3,"Дайте, пожалуйста, два килограмма / штуки.","Give me two kilos / pieces, please."
c6333f265a84ed64,example,ai,audio/c6333f265a84ed64.mp3,Где ближайшая станция метро?,Where is the nearest metro station?
075fa1ea7ccedfa8,example,ai,audio/075fa1ea7ccedfa8.mp3,Как доехать до…?,How do I get to…?
7c779655083904a8,example,ai,audio/7c779655083904a8.mp3,Сколько примерно ехать?,About how long is the ride?
9ec9a4569e7c6165,example,ai,audio/9ec9a4569e7c6165.mp3,"Остановите здесь, пожалуйста.","Stop here, please."
d564699464d1e7e0,example,ai,audio/d564699464d1e7e0.mp3,Сдача не нужна. / Сдачу оставьте себе.,Keep the change.
eb9bd04f12b2fdc4,dialogue,human,audio/eb9bd04f12b2fdc4.mp3,Здравствуйте! Я живу в комнате 214. У меня не работает отопление.,Hello! I live in room 214. My heating isn't working.
c35f879c37c37476,dialogue,human,audio/c35f879c37c37476.mp3,Совсем холодная батарея?,Is the radiator completely cold?
bcfa20f0bd4bdd20,dialogue,human,audio/bcfa20f0bd4bdd20.mp3,"Да, уже два дня. В комнате очень холодно, невозможно работать.","Yes, for two days now. The room is very cold, it's impossible to work."
b81f8f1e340c279c,dialogue,human,audio/b81f8f1e340c279c.mp3,Понятно. Я вызову сантехника. А ещё что-нибудь не в порядке?,I see. I'll call a plumber. Is anything else not in order?
6ab5adb4eef2b284,dialogue,human,audio/6ab5adb4eef2b284.mp3,"Да, в ванной течёт кран, и розетка у стола искрит.","Yes, the tap in the bathroom is leaking, and the socket by the desk is sparking."
63edc483954c7c90,dialogue,human,audio/63edc483954c7c90.mp3,"Розетка — это серьёзно, лучше пока ей не пользуйтесь.","The socket is serious, better not use it for now."
a54d43cf7f697646,dialogue,human,audio/a54d43cf7f697646.mp3,"Хорошо, не буду. А когда придёт мастер?","All right, I won't. And when will the repairman come?"
4017f15f0846c02d,dialogue,human,audio/4017f15f0846c02d.mp3,Постараюсь прислать сегодня до вечера. Вы будете дома?,I'll try to send someone today before evening. Will you be home?
35842948ca47d952,dialogue,human,audio/35842948ca47d952.mp3,"Да, я буду весь день. Спасибо большое за помощь!","Yes, I'll be in all day. Thank you very much for the help!"
0e58b7b0a6aa1d2c,dialogue,human,audio/0e58b7b0a6aa1d2c.mp3,Не за что. Если что — обращайтесь.,"You're welcome. If anything comes up, just ask."
463f7b5e0dfe9bef,example,ai,audio/463f7b5e0dfe9bef.mp3,У меня не работает отопление / интернет / горячая вода.,My heating / internet / hot water isn't working.
f98bc0ee26050831,example,ai,audio/f98bc0ee26050831.mp3,Сломался замок. / Течёт кран.,The lock is broken. / The tap is leaking.
40b532541ae3f6ae,example,ai,audio/40b532541ae3f6ae.mp3,Не могли бы вы прислать мастера?,Could you send a repairman?
dcf7855ec880e086,example,ai,audio/dcf7855ec880e086.mp3,Когда это починят?,When will this be fixed?
8964137836091daa,example,ai,audio/8964137836091daa.mp3,В комнате очень холодно / шумно.,It's very cold / noisy in the room.
70f48a4b69d0ecde,example,ai,audio/70f48a4b69d0ecde.mp3,Можно поменять комнату?,Is it possible to change rooms?
2708558a84cb9426,example,ai,audio/2708558a84cb9426.mp3,Куда платить за общежитие?,Where do I pay for the dormitory?
38dd390d07f5b32e,example,ai,audio/38dd390d07f5b32e.mp3,Во сколько закрывается общежитие?,What time does the dormitory close?
dba3e70f0351e5af,dialogue,human,audio/dba3e70f0351e5af.mp3,Ваш главный тезис мне кажется спорным. На чём именно он основан?,Your main thesis seems debatable to me. What exactly is it based on?
49fdbf3245a99ae9,dialogue,human,audio/49fdbf3245a99ae9.mp3,"Я исхожу из того, что архивные данные прямо подтверждают мою гипотезу. Позвольте привести пример.",I proceed from the fact that the archival data directly confirm my hypothesis. Allow me to give an example.
521758f0205212c6,dialogue,human,audio/521758f0205212c6.mp3,Допустим. Но ваши данные охватывают лишь один регион. Можно ли обобщать?,Granted. But your data cover only one region. Can one generalise?
a0b8739cda595ccd,dialogue,human,audio/a0b8739cda595ccd.mp3,"Справедливое замечание. Должен признать, что выборка ограничена. Однако тенденция прослеживается чётко.","A fair point. I must admit the sample is limited. However, the trend is clearly traceable."
abb2a5c92503fe5a,dialogue,human,audio/abb2a5c92503fe5a.mp3,"А как вы ответите на критику со стороны Иванова, который придерживается противоположной точки зрения?","And how do you respond to Ivanov's criticism, who holds the opposite view?"
e0143119e1eca871,dialogue,human,audio/e0143119e1eca871.mp3,"При всём уважении к Иванову, его выводы опираются на устаревшие источники. Мои данные новее.","With all due respect to Ivanov, his conclusions rest on outdated sources. My data are newer."
ccb43c3597635eed,dialogue,human,audio/ccb43c3597635eed.mp3,"Хорошо. Но не кажется ли вам, что вы недооцениваете роль случайных факторов?",All right. But don't you think you underestimate the role of random factors?
84da1033a7174d2c,dialogue,human,audio/84da1033a7174d2c.mp3,Отчасти соглашусь. Этот аспект действительно заслуживает отдельного исследования.,I partly agree. This aspect indeed deserves a separate study.
9dd61b3d4d131754,dialogue,human,audio/9dd61b3d4d131754.mp3,"Таким образом, вы признаёте ограничения, но настаиваете на основном выводе?","Thus, you acknowledge the limitations but insist on the main conclusion?"
b66c6b4cc66f489d,dialogue,human,audio/b66c6b4cc66f489d.mp3,"Именно так. В заключение подчеркну: основной тезис остаётся в силе, несмотря на отдельные оговорки.","Exactly. In conclusion let me emphasise: the main thesis stands, despite individual caveats."
3c35bd165aa053d6,example,ai,audio/3c35bd165aa053d6.mp3,"Я исхожу из того, что…",I proceed from the fact that…
2a518cd381d35b04,example,ai,audio/2a518cd381d35b04.mp3,Позвольте привести пример / аргумент.,Allow me to give an example / argument.
434a3570544ccad3,example,ai,audio/434a3570544ccad3.mp3,Это подтверждается данными / источниками.,This is confirmed by the data / sources.
2f50eba0e5b61a6c,example,ai,audio/2f50eba0e5b61a6c.mp3,"Должен признать, что… / Отчасти соглашусь.",I must admit that… / I partly agree.
a8c80670fc4bda23,example,ai,audio/a8c80670fc4bda23.mp3,"При всём уважении, я не могу согласиться.","With all due respect, I cannot agree."
027c5cc8106cc32c,example,ai,audio/027c5cc8106cc32c.mp3,Тем не менее / Однако…,Nevertheless / However…
69f15d9febc91b97,example,ai,audio/69f15d9febc91b97.mp3,"Таким образом, можно сделать вывод, что…","Thus, one can conclude that…"
67ff54c1432554b7,example,ai,audio/67ff54c1432554b7.mp3,В заключение хочу подчеркнуть…,"In conclusion, I want to emphasise…"
58aa34151e0a0daa,listening,ai,audio/58aa34151e0a0daa.mp3,Здравствуйте!,Hello! (formal)
daed511f73a6e099,listening,ai,audio/daed511f73a6e099.mp3,Как вас зовут?,What is your name?
f91642befbfe73d0,listening,ai,audio/f91642befbfe73d0.mp3,Меня зовут Анна.,My name is Anna.
47107fc6005c3d9e,listening,ai,audio/47107fc6005c3d9e.mp3,Очень приятно!,Nice to meet you!
d3c656d642625742,listening,ai,audio/d3c656d642625742.mp3,Откуда вы?,Where are you from?
90c11d03aef3798f,listening,ai,audio/90c11d03aef3798f.mp3,До свидания!,Goodbye!
14debefc6591b55b,listening,ai,audio/14debefc6591b55b.mp3,Я не понимаю.,I don't understand.
1b77c0a5dddafd30,listening,ai,audio/1b77c0a5dddafd30.mp3,"Говорите медленнее, пожалуйста.",Please speak more slowly.
74d4bac7c53c2cfc,listening,ai,audio/74d4bac7c53c2cfc.mp3,Где находится туалет?,Where is the toilet?
a174e193d084430b,listening,ai,audio/a174e193d084430b.mp3,Спасибо большое!,Thank you very much!
b708685db58ae99e,listening,ai,audio/b708685db58ae99e.mp3,"Помогите, пожалуйста.","Help, please."
9549dd050f646fbd,listening,ai,audio/9549dd050f646fbd.mp3,Я живу и учусь в Москве.,I live and study in Moscow.
002aae33d71012a0,listening,ai,audio/002aae33d71012a0.mp3,Утром я пью кофе.,In the morning I drink coffee.
82d12a4f3fcbf97d,listening,ai,audio/82d12a4f3fcbf97d.mp3,Сегодня прекрасная погода.,Today the weather is wonderful.
8a1f17e4bd2f220b,listening,ai,audio/8a1f17e4bd2f220b.mp3,Я люблю читать русские книги.,I love reading Russian books.
b0ed54b6f095f054,listening,ai,audio/b0ed54b6f095f054.mp3,Вечером я смотрю фильмы.,In the evening I watch films.
7767e64e17425a8e,listening,ai,audio/7767e64e17425a8e.mp3,Завтра у меня экзамен.,Tomorrow I have an exam.
537c403207c20b60,listening,ai,audio/537c403207c20b60.mp3,"Дайте, пожалуйста, меню.",Please give me the menu.
e70a4395ad89d65a,listening,ai,audio/e70a4395ad89d65a.mp3,Я хочу чашку чая.,I want a cup of tea.
c8f5a8069741f860,listening,ai,audio/c8f5a8069741f860.mp3,У вас есть хлеб?,Do you have bread?
b212cc20d0dceb13,listening,ai,audio/b212cc20d0dceb13.mp3,Это очень вкусно.,This is very tasty.
a635bb75b1f6d68f,listening,ai,audio/a635bb75b1f6d68f.mp3,Можно расплатиться картой?,Can I pay by card?
0e06feafb3a2b130,listening,ai,audio/0e06feafb3a2b130.mp3,"Извините, как мне дойти до метро?","Excuse me, how do I get to the metro?"
f6d56a163c327d14,listening,ai,audio/f6d56a163c327d14.mp3,"Идите прямо, потом поверните налево.","Go straight, then turn left."
bd440e69a852d398,listening,ai,audio/bd440e69a852d398.mp3,"На какой остановке мне выходить, чтобы попасть в центр?",Which stop should I get off at to reach the city centre?
f657f053b18f1d60,listening,ai,audio/f657f053b18f1d60.mp3,Этот автобус идёт до вокзала?,Does this bus go to the train station?
af3e8e5543666342,listening,ai,audio/af3e8e5543666342.mp3,"Поверните направо у светофора, и аптека будет справа.","Turn right at the traffic light, and the pharmacy will be on the right."
0acb7ae04637f79d,listening,ai,audio/0acb7ae04637f79d.mp3,Можно вызвать такси до аэропорта? Сколько это будет стоить?,Can I order a taxi to the airport? How much will it cost?
cbf6cd6303259d61,listening,ai,audio/cbf6cd6303259d61.mp3,"Извините, можно примерить эту рубашку?","Excuse me, can I try on this shirt?"
33ddc9862eada94b,listening,ai,audio/33ddc9862eada94b.mp3,У вас есть размер побольше?,Do you have a bigger size?
ed31fdad43ee63e9,listening,ai,audio/ed31fdad43ee63e9.mp3,Сколько стоят эти чёрные джинсы?,How much do these black jeans cost?
b94db1b2e7a98723,listening,ai,audio/b94db1b2e7a98723.mp3,"Этот свитер мне мал, а красный цвет мне очень нравится.","This sweater is too small for me, but I really like the red colour."
99ebc6318cabb227,listening,ai,audio/99ebc6318cabb227.mp3,"Дайте, пожалуйста, килограмм яблок и два литра молока.",Please give me a kilogram of apples and two litres of milk.
089f8f72e68b93c0,listening,ai,audio/089f8f72e68b93c0.mp3,Можно заплатить картой или только наличными?,"Can I pay by card, or only with cash?"
552f8faa4b714c72,listening,ai,audio/552f8faa4b714c72.mp3,Я плохо себя чувствую сегодня.,I feel unwell today.
4a10c62e19a9f6be,listening,ai,audio/4a10c62e19a9f6be.mp3,У меня болит голова и высокая температура.,I have a headache and a high fever.
539f2faba2181e88,listening,ai,audio/539f2faba2181e88.mp3,Мне нужно лекарство от кашля.,I need medicine for a cough.
9b573ed3e2d34842,listening,ai,audio/9b573ed3e2d34842.mp3,"Доктор, у меня уже три дня болит горло.","Doctor, I have had a sore throat for three days already."
fbe344453dd194c2,listening,ai,audio/fbe344453dd194c2.mp3,Эти таблетки нужно принимать два раза в день.,You need to take these tablets twice a day.
873f39af8f3fd78e,listening,ai,audio/873f39af8f3fd78e.mp3,Где здесь ближайшая аптека?,Where is the nearest pharmacy around here?
161c4836cd9955c1,listening,ai,audio/161c4836cd9955c1.mp3,"Завтра у нас лекция по истории, но я ещё не записался на экзамен.","Tomorrow we have a history lecture, but I still haven't signed up for the exam."
3f4760b3d07e1949,listening,ai,audio/3f4760b3d07e1949.mp3,"В библиотеке можно взять учебники на дом, если у тебя есть студенческий билет.",In the library you can borrow textbooks to take home if you have a student ID.
bbc855177f10db62,listening,ai,audio/bbc855177f10db62.mp3,"Скажите, пожалуйста, где находится деканат? Мне нужно подать заявление.",Could you tell me where the dean's office is? I need to submit an application.
1277594e91ed52f4,listening,ai,audio/1277594e91ed52f4.mp3,"Я пропустил пару семинаров, поэтому хочу попросить у преподавателя конспект.","I missed a couple of seminars, so I want to ask the lecturer for the notes."
e2b1c67b13f83b83,listening,ai,audio/e2b1c67b13f83b83.mp3,"Экзамен по математике перенесли на следующую неделю, ты не знал?","The math exam has been moved to next week, didn't you know?"
9e76cc7e38f3ce65,listening,ai,audio/9e76cc7e38f3ce65.mp3,Давай встретимся после занятий в столовой и вместе подготовимся к зачёту.,Let's meet after classes in the cafeteria and prepare for the test together.
4b14037fcd12d0ac,listening,ai,audio/4b14037fcd12d0ac.mp3,"По-моему, это не самая удачная идея, но я могу ошибаться.","In my opinion, this isn't the best idea, but I could be wrong."
fe7991928994f5e2,listening,ai,audio/fe7991928994f5e2.mp3,"Я полностью с тобой согласен, давай так и сделаем.","I completely agree with you, let's do it that way."
ec6d4ba8852361a1,listening,ai,audio/ec6d4ba8852361a1.mp3,"Извини, но я не совсем согласна, мне кажется, есть вариант получше.","Sorry, but I don't quite agree; I think there's a better option."
60c9258223361526,listening,ai,audio/60c9258223361526.mp3,Этим летом я планирую наконец-то выучить программирование.,This summer I'm planning to finally learn programming.
933469594d48fc44,listening,ai,audio/933469594d48fc44.mp3,"Если всё получится, мы собираемся переехать в другой город.","If everything works out, we're going to move to another city."
44984abb3eead714,listening,ai,audio/44984abb3eead714.mp3,"Честно говоря, я ещё не решил, чем хочу заниматься в будущем.","Honestly, I haven't decided yet what I want to do in the future."
fe125f717656c01b,listening,ai,audio/fe125f717656c01b.mp3,"На следующей неделе я встречаюсь с научным руководителем, чтобы обсудить план диссертации.",Next week I'm meeting with my supervisor to discuss my dissertation plan.
db3991c192d42aca,listening,ai,audio/db3991c192d42aca.mp3,"Мне нужно закончить статью до конца месяца, потому что приближается крайний срок.",I need to finish the article by the end of the month because the deadline is approaching.
3e91ec154a650a5d,listening,ai,audio/3e91ec154a650a5d.mp3,В прошлом году я выступал на международной конференции и познакомился с интересными учёными.,Last year I gave a talk at an international conference and met some interesting scholars.
07c81b3fa9478bdc,listening,ai,audio/07c81b3fa9478bdc.mp3,Сейчас я собираю данные для эксперимента и каждый день читаю много научных работ.,Right now I'm collecting data for an experiment and reading a lot of research papers every day.
a5b76e3674645052,listening,ai,audio/a5b76e3674645052.mp3,Научный руководитель посоветовал мне переписать введение и добавить больше источников.,My supervisor advised me to rewrite the introduction and add more sources.
d592b05ef315793a,listening,ai,audio/d592b05ef315793a.mp3,"После защиты диссертации я хочу немного отдохнуть, а потом подать заявку на грант.",After defending my dissertation I want to rest a little and then apply for a grant.
56f76f5047d3e8ca,example,ai,audio/56f76f5047d3e8ca.mp3,Это дом.,This is a house.
f45d50937b1f5882,example,ai,audio/f45d50937b1f5882.mp3,студент читает.,The student is reading.
1c6524cd400a9449,example,ai,audio/1c6524cd400a9449.mp3,Вот учитель.,Here is the teacher.
03aa93b574705b1f,example,ai,audio/03aa93b574705b1f.mp3,мама дома.,Mom is at home.
3fc989ed7750cade,example,ai,audio/3fc989ed7750cade.mp3,У меня нет книги.,I don't have a book.
fcdf1c1201671ee0,example,ai,audio/fcdf1c1201671ee0.mp3,Стакан воды.,A glass of water.
1784cdf1603ad4e6,example,ai,audio/1784cdf1603ad4e6.mp3,Он из Москвы.,He is from Moscow.
a1019cbece11fafa,example,ai,audio/a1019cbece11fafa.mp3,Чашка чая.,A cup of tea.
b6a1bf9a5dec6daf,example,ai,audio/b6a1bf9a5dec6daf.mp3,Это дом моего отца.,It's my father's house.
3e390d63a862c2f5,example,ai,audio/3e390d63a862c2f5.mp3,У меня нет сестры.,I don't have a sister.
4e25d674568d068d,example,ai,audio/4e25d674568d068d.mp3,Чай без сахара.,Tea without sugar.
d7ee150fe69599bc,example,ai,audio/d7ee150fe69599bc.mp3,Подарок для мамы.,A present for mom.
b98d58345378bcda,example,ai,audio/b98d58345378bcda.mp3,Около школы.,Near the school.
db2102adeb01feab,example,ai,audio/db2102adeb01feab.mp3,Я иду к врачу.,I'm going to the doctor.
f25e92ae038cb568,example,ai,audio/f25e92ae038cb568.mp3,Я дал подарок брату.,I gave a present to my brother.
003df99f298732ec,example,ai,audio/003df99f298732ec.mp3,Я звоню маме.,I'm calling mom.
c7425e1b307261fb,example,ai,audio/c7425e1b307261fb.mp3,Я помогаю другу.,I help my friend.
dfde2a46c9fe039c,example,ai,audio/dfde2a46c9fe039c.mp3,Я дал книгу учителю.,I gave the book to the teacher.
5e45ec4f8df43b26,example,ai,audio/5e45ec4f8df43b26.mp3,Я иду по улице.,I'm walking along the street.
9da7ea007451d23d,example,ai,audio/9da7ea007451d23d.mp3,Подарок сестре.,A present for my sister.
6227cbc381d97178,example,ai,audio/6227cbc381d97178.mp3,Я звоню отцу.,I'm calling dad.
011ca7ac865d75ab,example,ai,audio/011ca7ac865d75ab.mp3,Я вижу книгу.,I see a book.
729c6a4e4d707515,example,ai,audio/729c6a4e4d707515.mp3,Я люблю маму.,I love mom.
b1971a2131c556c0,example,ai,audio/b1971a2131c556c0.mp3,Я читаю газету.,I'm reading a newspaper.
0b0d5f7c8521e9f3,example,ai,audio/0b0d5f7c8521e9f3.mp3,Я вижу брата.,I see my brother.
cf26acdf51c79203,example,ai,audio/cf26acdf51c79203.mp3,Я знаю Анну.,I know Anna.
f6905fbb5db46e91,example,ai,audio/f6905fbb5db46e91.mp3,Я иду в школу.,I'm going to school.
09861e6ce2f1d629,example,ai,audio/09861e6ce2f1d629.mp3,Я пью воду.,I drink water.
60e5ed9c197889d2,example,ai,audio/60e5ed9c197889d2.mp3,Я вижу окно.,I see a window.
5443ce2149f7c26a,example,ai,audio/5443ce2149f7c26a.mp3,Я встретил друга.,I met a friend.
e21301c96f4b472f,example,ai,audio/e21301c96f4b472f.mp3,Я пишу ручкой.,I'm writing with a pen.
ae298aaaeea3fa12,example,ai,audio/ae298aaaeea3fa12.mp3,Чай с сахаром.,Tea with sugar.
77377104a1cced14,example,ai,audio/77377104a1cced14.mp3,Я говорю с другом.,I'm talking with a friend.
4cd4005f1eb2a76a,example,ai,audio/4cd4005f1eb2a76a.mp3,Он работает врачом.,He works as a doctor.
f706609e864c9c27,example,ai,audio/f706609e864c9c27.mp3,Кофе с молоком.,Coffee with milk.
2467640189ec3757,example,ai,audio/2467640189ec3757.mp3,Я иду с мамой.,I'm going with mom.
1582baec4087a221,example,ai,audio/1582baec4087a221.mp3,Над столом.,Above the table.
2583b4fdf1dc2c9f,example,ai,audio/2583b4fdf1dc2c9f.mp3,Я горжусь сестрой.,I'm proud of my sister.
26a9a1430ec64a86,example,ai,audio/26a9a1430ec64a86.mp3,Мы говорим о уроке.,We're talking about the lesson.
0630fd97771e3e2a,example,ai,audio/0630fd97771e3e2a.mp3,Она живёт в Москве.,She lives in Moscow.
2615e7abf18162e2,example,ai,audio/2615e7abf18162e2.mp3,Книга на столе.,The book is on the table.
026a49ea7c3830db,example,ai,audio/026a49ea7c3830db.mp3,Я думаю о маме.,I'm thinking about mom.
24f77288cb3b5fe9,example,ai,audio/24f77288cb3b5fe9.mp3,Мы в школе.,We're at school.
6b2ab58faa80063f,example,ai,audio/6b2ab58faa80063f.mp3,О брате.,About my brother.
cf767f0b941c4314,example,ai,audio/cf767f0b941c4314.mp3,В городе.,In the city.
eb31192c4a919cb1,example,ai,audio/eb31192c4a919cb1.mp3,Кот спит на диване.,The cat sleeps on the sofa.
